GEOID,latitude,longitude,job_gravity,rail_gravity,park_gravity,crime_gravity,crime_trend,building_permit_gravity,building_permit_trend,gentrifying
17031010501,42.00941197941639,-87.66395828856929,0.9473700630328696,1.9822968676752326,0.5891151675818793,-0.15558599546530133,0.8081440314491163,0.5042885913327986,0.8388576047211163,0
17031010502,42.0045173035446,-87.66332730761061,1.2594469468501646,0.9537744383839692,0.28776625296616287,-0.48144303466787913,0.5121769550840054,0.7447930562376601,0.6542366174862568,0
17031010503,42.00032071943176,-87.66312616252857,1.4435737109226323,2.1321493100432702,-0.372676292068917,-0.5714153239331233,0.4143791385459685,1.3568425376742859,0.5540137958444766,0
17031010600,42.006277592259664,-87.66768304345422,1.3399102263241414,1.3446120468791294,-0.3529140955470818,0.023841145414370882,0.6485791728870565,0.7993368203639428,0.6094000920149341,0
17031010702,42.00902000083221,-87.67272571906952,1.2348610992349776,0.16022323567386554,-0.25225648732005757,-0.011518516511389475,0.7669660034331006,0.10212686563834816,0.5434640251453414,0
17031020400,42.00848802720408,-87.68591186055112,-0.1129496124633531,-0.38338824391303533,0.578822535167722,-1.2432046324370258,0.8647638199711376,-0.1864555615658124,0.42653739989659717,0
17031020500,42.00131289158897,-87.68419821922032,0.14664718200334517,-0.36309707142938574,1.3454530061021217,-1.2373231312037867,0.60482751812004,-0.3964442297592452,0.2621368065017457,0
17031020601,42.00087462082873,-87.70180243003573,0.8484572718045628,-0.5212331560731509,-0.30767144645098254,-1.2537518750751815,0.9625616365091741,-0.10340582618854036,0.31048992220611393,0
17031020901,41.994226772544216,-87.68607836963908,0.43199084683168865,-0.3664411627515131,-0.10457670803547521,-0.8976403018049286,0.3191549487589331,0.10514566739342035,-0.004244903651408304,0
17031020902,41.9942585533898,-87.67868411278651,0.6295706677525269,-0.2881563450458091,0.26909355459874407,-0.9373229254253598,0.25996153348591095,-0.19825819437197678,0.030041851120779686,0
17031030300,41.99438754677297,-87.67253479486904,0.9321726075153602,-0.14678009121427119,-0.09339411348573627,-0.8866245446867436,0.2265043857228985,0.6798423216811207,0.14433103369474007,0
17031030603,41.98547624568192,-87.6583978883589,0.9151994899418262,2.9822673841782987,-0.3602127980003136,-0.04045173718057202,0.4375417793049773,1.9884687828728678,0.3685136610513552,0
17031030701,41.98274528879208,-87.65796585953574,1.1809391608642492,5.718397063365125,-0.4139848494470111,-0.15609213277886663,0.5301923423410119,1.6476182731769378,0.3579638903522204,0
17031030703,41.97887487981331,-87.65787077928275,1.0348799377051332,5.791849967470402,0.6220233416500165,-0.36247280796579506,0.746376989425093,1.310710702658418,0.29994015150697917,0
17031031200,41.97270924310773,-87.65734101661396,1.2853879003841189,5.181392626071308,-0.22900015473193988,0.2271369653812017,0.9471198760031685,2.155754293662828,0.06608690100949055,0
17031031501,41.967288567444776,-87.65243426432009,0.8863130687587362,0.5621306253900445,0.203291279266711,-0.20045325880620612,1.047491319292206,1.3056614527633073,0.11883575450516469,0
17031031502,41.96363265817101,-87.65236559117236,1.104334572172334,0.49967239080392817,0.6010293864964884,0.1270542871130312,1.0629330797982115,1.9912170414415769,0.16806801776779384,0
17031031700,41.96544661947016,-87.66319544208935,0.9542283744541927,0.7828345140671137,-0.0071264358104013836,0.5969021397161505,0.6691681868950641,1.643909676368738,-0.18359100553670094,1
17031032100,41.95815388295837,-87.65301789121115,0.6088361876552117,0.6353391652872002,-0.18983283984774998,-0.4152684947154024,0.8827792072281444,2.00909299826022,0.09246132775732763,0
17031061800,41.94649014196905,-87.64711464642782,0.9230692284024967,0.2769900255444068,-0.2604518536920918,-0.027862002841110716,0.9805770237661809,3.417001028102629,0.5144521557227207,0
17031080400,41.90741240558805,-87.64090154950051,1.1636624093146777,1.3516618413865846,0.16763782277837877,0.9758392688447447,1.5133177612233806,3.8920365047008394,-2.555531117725514,1
17031081000,41.90026555525267,-87.6321089522805,2.211843661013149,2.117823691882962,-0.44555806284843436,1.6677562399999875,1.3563265294123217,9.215078679651148,-1.8504547760000043,1
17031140100,41.97108443289002,-87.70579415111746,0.8733841933057852,0.4003713539211345,0.5177640129344981,-0.6602062032240139,1.6574408592794343,0.43132591071832277,-0.4992049789524841,1
17031140200,41.970694888817206,-87.71300426199413,1.4840718249863667,1.3095960204005048,-0.42877206048769345,-0.9727511860452868,1.9482606821425434,0.4566520346325306,-0.20469054693497013,0
17031140400,41.97153701640745,-87.73894298531293,0.4055087737711847,-0.42105613368198413,-0.4587055287329483,-1.5934528752480586,1.9250980413835346,-0.2621667628250801,0.7562177342445603,0
17031140500,41.96536191638559,-87.73183195147976,1.3195947745145533,-0.3420407274419438,-0.5669224508673686,-1.0474150318331972,1.7886958235804833,-0.1486524240229405,0.40631700605658866,1
17031140601,41.9646471922294,-87.72589086837725,1.1547226824075565,-0.2929178851751725,-0.3988580072570453,-1.0039459904073629,1.7192079013034576,0.07507912127085098,0.2322457895208639,0
17031140602,41.964652096331335,-87.72101658194876,1.3282631989890352,-0.1644006923220649,1.6961689248059808,-0.7133364674015783,1.7037661407974518,0.20399427487930252,-0.019190412141849713,0
17031140701,41.96703747902463,-87.71265244888546,1.853192804723332,6.284884925713041,-0.536291678374182,-0.44407848789030346,1.7835485700784817,0.6286548414305203,-0.4139276658011443,0
17031140702,41.96354820996094,-87.71357531282779,1.5257895396714212,0.6495420566239549,-0.5805804116806399,-0.560266818733692,1.8015639573354885,0.29590652500454295,-0.5739325214046891,0
17031150200,41.960674931116046,-87.75241313092867,2.0661842283374305,-0.3688417142650753,-0.5864331720169138,-1.3444088400580816,2.133561808214613,-0.2048199177342525,0.5926962884079703,1
17031150402,41.95679796554898,-87.77204361339042,0.6372385793563964,-0.5768022567380194,-0.6247653270043902,-1.681564486123529,2.3368783215436895,-0.603988255499676,0.4397246132705157,0
17031151001,41.942382663325816,-87.75435269944397,0.6842790256869259,-0.5574971110682069,-0.6745740318688783,-0.7355638893381017,1.8247265980944969,-0.38303736069642513,0.4001629731487601,0
17031151002,41.94249177488856,-87.74715538394558,0.8064179650080082,-0.5182222041117326,-0.6142686777394237,-0.6299631171214539,1.7037661407974518,-0.4741658233677294,0.17598034579214425,0
17031151100,41.94229034323704,-87.76171751796598,1.046336636674269,-0.5802945500389722,2.673374302741937,-0.9945704493165064,1.9070826541265282,-0.4560472717154028,0.21466283835563918,0
17031160300,41.957268196254326,-87.73089576787224,1.2109724876905936,0.13276970136584326,-0.6356569322526203,-0.8819876247257399,1.6445727255244296,0.08178378066484875,0.14081444346169508,0
17031160501,41.959209826976135,-87.7129731663574,1.5748413882068415,0.03152658901245984,-0.6047545112621617,-0.2698622636649945,1.626557338267423,0.7802454034627702,-0.7225084587508378,0
17031160601,41.959397988058,-87.70329357642918,1.6572676808483366,0.1575846501833378,-0.07483422048200425,-1.1890903632570504,1.4541243459503586,1.3068919557490353,-1.1225205977596995,0
17031160800,41.95021313363227,-87.71281457813437,2.0823474735360445,-0.008572691481438537,-0.39615593356692574,-0.8041942178039453,1.3383111421553147,0.6550742850176432,-0.8798758716795988,0
17031161300,41.94269945635109,-87.73100231395749,2.025643733793416,-0.3231808135724363,-0.5139023590375877,-0.4937312919109841,1.7037661407974518,0.36895303937278456,-0.12117152890015351,0
17031190100,41.93521763866276,-87.74438887331326,1.069011552274354,-0.5457564792678761,-0.5354697124155244,-0.664216485489105,1.1658781498382502,-0.18101231153051547,0.0010299816981590593,0
17031190200,41.9351136697918,-87.75164892978415,0.6605186716200733,-0.5722104617280793,-0.7042832797877876,-0.6790774589815501,1.3537529026613209,-0.2850414702107178,0.2533453309191336,0
17031190300,41.934986421614,-87.76146345326033,0.7238303973377423,-0.5993524435476019,-0.6430769413975981,-0.9255783952798102,1.5158913879743816,-0.5716495386566023,0.20675051033128752,0
17031190402,41.93485963725667,-87.77123177067446,1.1357954466599067,-0.6126328817933242,-0.8148056985211236,-0.9685603425848622,1.7423705420624662,-0.5371300838911544,0.37994257930875136,0
17031190602,41.92756040223459,-87.77073706729571,0.8607810607656754,-0.6080548738337371,-0.7659216233212075,-0.8783754553053982,1.3563265294123217,-0.8589977013318169,0.4282956950131193,0
17031190701,41.92979591030701,-87.7614216625247,0.7509912420477073,-0.598827915979527,-0.3758040445344359,-0.6609619735294798,1.1375682555772397,-0.2841544768747052,0.3184022502304651,0
17031190702,41.92616304286872,-87.761039539076,0.823722735556168,-0.5853101365982666,-0.3348742503293666,-0.31834771545411483,0.7438033626740922,-0.45286374827537146,0.37027195616787806,0
17031190800,41.92781863192133,-87.75136236760551,0.5909622448954006,-0.565392660832499,-0.2963043809327118,-0.6142522237418648,1.0886693473082214,-0.29569010663138945,0.3456558245365631,0
17031190900,41.92792260972524,-87.74410483158334,1.1864054880533919,-0.5582689609084251,-0.4319825554586748,-0.8037565081421594,0.8853528339791452,-0.2539900536155192,0.11619831183038014,0
17031191000,41.91922982032762,-87.74380099551678,1.3323438619230659,-0.5492189527545375,-0.4381246847278501,-0.13226369984269218,-0.11578797216023005,-0.3767988801178967,0.2779614625504483,0
17031191100,41.919629342283656,-87.75097635157918,0.8050139899954817,-0.5559850755896365,-0.1685825491205555,-0.4358082523798175,0.35775935002394754,-0.1757647508394766,0.2515870358026107,0
17031191200,41.92014322902476,-87.76082695396427,0.5626931615829006,-0.5818963493150597,-0.7116844087417777,-0.11950701186013099,0.6897572009030717,-0.8478717700769929,0.4098335962896332,0
17031191301,41.92015218092195,-87.78026544916038,0.37760676910364094,-0.5744965090124163,-0.3999840167124296,-0.846131078757904,1.5750848032474036,-0.7917960343903976,0.7913836365750098,0
17031191302,41.92022890010989,-87.77053336591909,1.2759686884470003,-0.5748885659392942,-0.728276939494896,-0.5566380565048742,0.9085154747381537,-0.7423181200486895,0.5592886811940437,0
17031200100,41.935055257524745,-87.73762264710892,0.8764792393955618,-0.4980878107096152,-0.11011246891198581,-0.7443001737133018,1.240513325617278,-0.04136013460860318,-0.12820470936624223,0
17031200200,41.927852269056274,-87.73562827295525,0.7127835617735971,-0.5332465307071351,0.2985143310007128,0.1964376943946423,0.8390275524611276,-0.03278469657031855,-0.1545791361140798,0
17031200300,41.92348054196374,-87.73412637642475,1.4915308874931938,-0.519513020497638,-0.4398877016311994,-0.12868997344375888,0.517324208586007,0.558857569341389,0.0168546377468609,0
17031200402,41.919634831495244,-87.72967896483497,0.6692737276834209,-0.5042366489017109,-0.4785844691574934,0.026763632023861943,0.1698845972008772,0.327178766196824,0.015975490188599967,0
17031210400,41.93574502245588,-87.73030573030138,0.8558212714268146,-0.43373064329560723,-0.09898419077718949,-0.5116346036698993,1.2739704733802908,0.2667482418600531,-0.17919526774539427,0
17031210501,41.93740129202503,-87.72233013678613,2.184426041192164,-0.2363791036031813,-0.43140812591978334,0.19458795106409046,1.2070561778542657,0.9503454648823828,-0.42623573161680095,1
17031210502,41.9337846267448,-87.72205243034678,1.461208323389975,-0.30345810527813266,-0.06034405179826904,-0.07767574876203354,0.84417480596313,0.9421967723543418,-0.4148068133594058,1
17031210601,41.937635624761576,-87.71221399690538,1.6997011662036423,9.243205934623498,-0.46882106291019987,-0.34828039606653094,1.0886693473082214,1.4019666448941763,-1.3853857176798097,1
17031210700,41.93570290885096,-87.70384008428007,1.9276991402427095,-0.033248909461973994,-0.4482522927628311,-0.6830547015038836,0.9728561435131774,0.3079618179429906,-2.0913412069635826,1
17031210800,41.93574556630854,-87.69893335666941,2.6018482107967698,-0.21220930912562783,-0.3109264165217179,-1.0957650911995762,1.0217550517821963,0.611614818594517,-2.057933599749654,0
17031220602,41.929396048641074,-87.71208599880956,2.008461298351197,0.5655872963315626,0.6720791771654602,-0.06452118901803967,0.6511527996380573,1.4555806772673316,-1.5515446061911842,1
17031220701,41.92615539149631,-87.72156506290543,1.9109088475449865,-0.4050831305302231,-0.37419214317727867,-0.05649012038633818,0.6279901588790484,1.1879590298503087,-0.5721742262881667,1
17031220702,41.92936868950474,-87.72423130646897,1.1422880683574654,-0.4232800270655934,2.590958021018963,0.13776227092086613,0.6460055461360552,0.2585811353740333,-0.4104110755680996,0
17031220901,41.919181628863086,-87.7212482947213,0.7775107181625978,-0.45905920367494374,0.28610701490481527,0.21251225490694267,-0.08747807789921923,0.5191152551820571,-0.5299751434916279,0
17031220902,41.92271118893555,-87.72183572975246,1.4242250115654456,-0.44747872696457863,-0.3787732000926626,0.457193503012841,0.28827142774692105,0.524539501838236,-0.4490935681315943,1
17031221000,41.92096043060239,-87.71525255727798,1.6780272864983325,-0.37216015204157565,-0.5723631544047674,0.5369404946356552,0.2496670264819066,0.9475168790391545,-1.0671343015892425,1
17031221100,41.92102054216185,-87.71036087537796,1.8296679189975102,-0.28189557890169764,-0.5506995830078472,-0.10429183675869061,0.5636494901040247,0.829018077424312,-1.2992292569702095,1
17031221300,41.92112567787797,-87.69975406080898,2.38384437275412,0.8700621108091078,-0.5566693095901268,-0.4374002534033448,0.5868121308630335,1.7791676213267347,-1.6324261815512167,1
17031221400,41.920801313923455,-87.69453203932085,2.353171638706666,1.2559661745616966,-0.4706502998266567,0.3210381303550716,0.5971066378670375,2.0529230884406497,-1.6605589034155757,1
17031221500,41.92164688912462,-87.68995134666956,3.2883106735231498,0.1677715850629083,-0.4016008437451011,-0.3243666330948163,1.129847375324237,1.7276833713110356,-1.677262707022541,1
17031222500,41.91568254747799,-87.69958742224284,1.9167943025019964,-0.12098664566042255,-0.3673507518571644,-0.0325783125712107,0.3448912162689427,1.4001960425424527,-1.7493528067999606,1
17031222600,41.91563877975524,-87.7044798108376,1.7185605913163908,-0.3038213504643618,-0.27388144981290113,-0.3227032113006033,0.3320230825139379,1.3923579661812686,-1.6306678864346944,1
17031222700,41.9155008974239,-87.71020576333267,2.04556738300154,-0.38778710571412556,-0.4261869030619397,0.13035693808724103,0.03090875264682499,0.8191958210273753,-1.3317577166258752,1
17031222800,41.91543487991217,-87.71509532132183,1.7054060761769645,-0.4160475723130707,-0.14919072686851043,0.49958730757154934,-0.23932205620827662,1.196076622165536,-0.7216293111925773,0
17031222900,41.91556435214303,-87.72007440938826,1.0778714922103179,-0.46090667509445143,0.31934436108501385,0.05361995745483638,-0.34484075299931677,0.2007729789031956,-0.4701931095298632,0
17031230100,41.91200802748776,-87.70436547646108,1.318993496400808,-0.3564084064965316,0.19016586576197578,-0.08677784524675927,0.36290660352594917,1.223332824408039,-1.6596797558573158,1
17031230300,41.91178659080935,-87.71498836649357,1.5190905164653936,-0.4365516871224768,3.2094542413202274,0.8104153925468643,-0.5481572663283923,0.4723309641276665,-0.5809657018707797,0
17031230400,41.91182020108149,-87.72155193810809,1.1067922319221855,-0.45881391470406374,-0.05618661078988797,0.17943208197038588,-0.949643039484542,0.08317419590650316,-0.3523873367228583,0
17031230500,41.91168918010155,-87.73394337984045,1.1847556151159533,-0.49741208474555587,2.257360262170749,0.15551035805389354,-0.6485287096174301,0.13099351445320695,0.0036674243729421167,0
17031230600,41.90615493430823,-87.73399855925338,0.6133386557486563,-0.47932699543064394,-0.44355732182522317,0.8784718618460198,-1.0731771235325884,-0.12699096985760325,0.05553713031035532,0
17031230700,41.90632297290312,-87.72153968934853,1.3663514633487548,-0.44259454210531957,-0.4318075876953978,0.9085478101830678,-1.2842145171146673,0.4691955619341344,-0.5537121275646801,0
17031230800,41.90583962225873,-87.71495301586033,0.9178143352262826,-0.4216627841889829,-0.3568438472646022,0.6341561199352624,-1.3073771578736768,0.1582810943922031,-0.9229541020344001,0
17031230900,41.90669181884317,-87.71035050011787,0.9504072409984539,-0.4094774329007186,-0.16739342565828058,1.1330535368199703,-1.0963397642915973,0.9841041208544535,-1.197248140211905,0
17031231100,41.8992542519432,-87.71506836256549,0.3480562626499124,-0.3476276808944212,-0.39129389437258444,1.6604348279869308,-1.9971091271419357,0.3904731582454689,-1.1541699098571037,0
17031231200,41.89906140046088,-87.72131534423333,0.6142912111172325,-0.3611414108069086,-0.5087525076952114,2.4946552149607886,-1.8658541628408867,0.5931124933145254,-0.8825133143543831,0
17031231500,41.89173571635836,-87.71865249594492,-0.14451421246442012,-0.01616062210576426,-0.39556988571045604,1.2831680532204222,-2.3316806047720604,0.4537676066499831,-0.9009754130778687,0
17031240700,41.91208778079127,-87.69459863700418,2.0650040221347976,-0.13611773230784865,0.05938350672125109,0.3745631606847,0.2856978009959206,1.8665645735127894,-1.5858313609633705,1
17031240800,41.9120483585892,-87.69948763907155,1.5477183267431227,-0.2668513411662401,0.4434359418359693,0.28258080330331714,0.10297030167485192,1.3002864672609855,-1.621876410852083,1
17031240900,41.904716186832445,-87.70188668146226,0.17871444244811635,-0.3645901499034621,3.186135922419584,-0.6051584718302603,-0.2058649084452638,-0.3641630508708562,-1.5867105085216326,0
17031241000,41.90796860840128,-87.69453416193991,1.3475428183902147,-0.27347260711035204,0.20043846524350936,0.6790089621402811,-0.046300049883204304,1.8971235518819054,-1.6825375923721075,1
17031242000,41.89973715025452,-87.66495365214338,2.7743290370296254,0.7881542260168148,-0.11799051473752578,0.5774189201775023,0.005172485136815348,3.6069190067733543,-3.5577593341433236,1
17031242500,41.89944553254733,-87.68931910638936,2.1238902833922033,-0.2730316877842199,-0.46663003025033817,0.20076617402085367,-0.7180166318944566,1.63548627536721,-1.5998977218955521,1
17031242600,41.90056013235442,-87.69419701935905,1.236772540738625,-0.3072448272158674,-0.3435568459159186,0.36333051694637397,-0.4477858230393539,2.1280959254056957,-1.6034143121285969,1
17031242700,41.89742540167594,-87.6993742352603,1.3168486597490006,-0.29601575552464315,-0.18256616584662202,0.337470858587564,-0.6330869491114237,0.8016599391749456,-1.5682484097981468,1
17031242900,41.89219553293472,-87.68428963664434,2.6282129843290782,-0.19154175156398803,-0.49856279347704696,-0.19298529397736672,-1.1864167005766317,1.4008484578961555,-1.3985729310537283,1
17031250200,41.91235084585062,-87.75107298799752,0.5488773966889341,-0.5459579294663233,-0.5709066700410297,-0.10827723706344744,-0.11064071865822805,-0.2670079072913276,0.39137149756614775,0
17031250300,41.91284833290546,-87.7608528561412,0.340606469177401,-0.549718810764882,-0.7194762825788605,-0.02549212252996395,0.13128019593586274,-0.19508503858183573,0.4915943192079287,0
17031250700,41.90582067220672,-87.76081279400088,0.03321617128342773,-0.47605682353123047,-0.5708814360365183,0.47382160643987475,0.11841206218085902,-0.024148652606662904,0.7140186514480211,0
17031250800,41.90618551648635,-87.75147410937865,-0.04243636921212497,-0.49001321168545564,0.9746750214020555,0.31838885316870486,-0.010269275369190293,-0.271440234813073,0.687644224700184,0
17031251000,41.89869451823607,-87.74489245114063,0.5328693699475457,-0.37925008053283393,-0.7448135570612571,0.6690415371612248,-1.001115574504562,-0.3830465316757954,0.49862749967401815,0
17031251100,41.8986248201227,-87.75201116981329,-0.2045356386470322,-0.3589534349512157,-0.643564211947793,2.1065415672893373,-0.1389506129192396,0.10255619523160031,0.8362201620463328,0
17031251200,41.89854909615767,-87.76060396048081,-0.24134720205732713,-0.3303976192243015,-0.6240055553365862,0.9482074241455065,0.13385382268686358,0.19359852614540468,0.9971041652081392,0
17031251500,41.891103507146624,-87.76035377375001,-0.3890657150661694,0.13623220781989728,-0.3269293840425607,1.6206551979904826,-0.12093522566223242,0.3487665432462471,0.9865543945090042,0
17031251600,41.89140650520471,-87.75180372398493,0.10017199841236764,0.14653439109179725,-0.47847487066571537,1.680593504636937,-0.846697969444504,0.5644699792662359,0.7940210792497936,0
17031251700,41.89138439521256,-87.74447927528365,0.33642581222313545,0.14903927598231131,2.170620891077011,1.149072640743727,-1.230168355343647,0.207614055054719,0.49774835211575696,0
17031251800,41.88414361586755,-87.74788851034708,-0.10721457301222,0.5429407754204757,-0.6534522597835755,2.0550700424242523,-1.0963397642915973,0.550666950490327,0.7140186514480211,0
17031251900,41.88381163604151,-87.76009447553601,-0.23142859657139042,0.2140942574089896,-0.5125513003627397,1.8872158361703189,-0.2624846969672847,0.12062839156912131,1.1949123658169172,0
17031252102,41.87659901043628,-87.75982756991898,-0.15457110712760494,-0.18839795122151262,-0.48859587712641506,0.8078200719243693,-0.5172737453163804,0.024176857281412154,1.191395775583872,0
17031252201,41.87669586942388,-87.75210511712541,-0.15208639346984765,-0.08031199624075284,1.031784364127065,1.3065353057998583,-0.6433814561154285,0.12320052713835232,0.9619382628776897,0
17031252202,41.87675844434059,-87.74458324143082,0.025345192522296153,0.20515206022652083,-0.5044877931208285,2.240378133327524,-1.3434079323876904,-0.0093694077936492,0.4397246132705157,0
17031260100,41.88437076493539,-87.72333017765636,0.07971103405792977,1.835792620627368,-0.2996193998232596,0.99744645356056,-2.0254190214029455,-0.2737192073667005,-0.5361291763994565,0
17031260200,41.88432436870322,-87.72823016882275,0.09867118919621298,0.9678297887357792,0.4827231001533537,1.5115107668972592,-1.8941640571018956,0.37136774663712796,-0.3778826159124335,0
17031260300,41.884276615036455,-87.73313624783249,0.007942107022282905,-0.048404077171450344,-0.041066517272389275,0.9695495832675642,-1.9199003246119053,0.358841781396357,-0.1651289068132148,0
17031260400,41.88421458316218,-87.73804112895397,-0.006295300432702072,-0.03242485091342023,-0.4761934616047271,0.8346632804209622,-1.6265068749977973,-0.1412147213689781,0.0748783765921029,0
17031260500,41.87666392980599,-87.73772816986727,0.061092122744616804,-0.06654007187270963,-0.35419915471027424,1.4492964490464255,-1.582755220230779,0.48045205954293424,0.16191398485996505,0
17031260600,41.87710770357857,-87.73286703707406,-0.3065484887526481,-0.01828143169689028,-0.653140122260875,1.8342904790385703,-1.7140101845318296,0.3638847767575771,0.16103483730170384,0
17031260700,41.87705659022662,-87.72799618499982,-0.2113983687864895,0.5782842779917816,-0.5301263766661732,2.5886414412359127,-2.0511552889129563,1.2220161495180653,-0.036773363307074924,0
17031260800,41.877084822868746,-87.72309638827706,0.056289856901527664,0.5928631307578804,0.09440135951113936,1.9825019814621871,-2.133511344944987,0.3551218723692077,-0.2565602528723833,0
17031260900,41.87102973410656,-87.72281414792099,0.028169021773886402,0.49139299743325454,1.7436365937111415,1.676006083040968,-1.8452651488328777,0.7873348502206898,-0.06051034738012744,0
17031261000,41.87133781751058,-87.73200935052061,0.16743486127667603,0.010156515402653507,-0.579683027707158,0.05011515831866736,-1.5647398329737734,-0.3023449818175831,0.16367227997648767,0
17031270500,41.87624039551676,-87.71779312016982,-0.4093488041287464,0.11825733984749688,5.510030737861589,0.3870630647121599,-1.8478387755838794,-0.5850833106215539,-0.2970010405524004,0
17031271200,41.87735974368982,-87.70356215218683,0.11962321238351338,0.8127120579534536,0.48252093708938487,1.591074143090839,-1.7037156775278248,-0.10398094258720589,-0.9440536434326695,0
17031271300,41.87730403071636,-87.70845279249036,-0.22479250164938205,0.785848196666598,1.0674590789245537,1.1253357693158912,-1.6059178609897893,-0.35258466546701206,-0.9009754130778687,0
17031271400,41.87724292757799,-87.71333137218642,0.26927193773315783,0.18023541358263456,0.4651895610868631,0.7186055633414522,-2.0331399016559484,-0.37830931290353975,-0.6504183589734165,0
17031271500,41.87178613894249,-87.7131559191157,-0.22124754514246525,0.04497862819199573,0.18569308241010893,0.9858894967857613,-1.487531030443745,0.09206030868987419,-0.12556726669145818,0
17031280800,41.878596769033,-87.68890087411113,0.05465174653007266,1.0296135685433623,0.20751456909716912,0.3328647390560759,-1.0397199757695763,0.5599342859172236,-1.4056061115198184,0
17031280900,41.8786261193679,-87.68513239384788,0.5123067345958365,0.4363915318001562,-0.37177731419145316,1.3112145989478678,-0.5893352943444072,1.048397573456863,-1.3809899798885046,0
17031282700,41.871366868861806,-87.6886812249277,0.2564262750214856,0.5095836118790806,-0.3325044852080409,-0.2989148890960683,-0.8286825821874969,-0.049265873418883575,-1.1409826964831862,0
17031283100,41.86927410611676,-87.66409201228278,1.3027928365014474,0.6000905452462532,-0.4401691510271297,-0.642301880773967,-0.39631328801933496,1.235073095954057,-2.831583451019543,0
17031283800,41.86341689475594,-87.65375472002754,0.3046618626518497,0.19109797032862666,-0.26219921156327974,-0.8953297864736307,-0.7463265261554664,0.3021869442507581,-2.6355335455272866,0
17031291200,41.86266119850846,-87.71287458655661,0.3631701753483153,-0.009279268391545869,0.6342851697525532,1.7442258689657002,-0.9522166662355428,0.7557994384920624,0.1698263128843162,0
17031291600,41.857641499654136,-87.6922158433424,-0.27344196777359153,0.5633421909128576,-0.21186362281334833,-0.9554003896880822,-0.6099243083524145,-0.5217787970867475,-0.3321669428828493,1
17031292200,41.85666651045235,-87.71573052464399,-0.31309282513236564,1.2436013341828247,-0.4763872850691195,1.1830585615969966,-0.7102957516414534,0.501066316817843,0.45730756443574044,0
17031292400,41.85523976940695,-87.72239916751502,0.02953590333866284,1.7296388060392123,-0.6573519422654958,0.7822756900944302,-0.5919089210954077,0.14317458747960987,0.48807772897488344,0
17031292500,41.855161329672725,-87.73224282893239,-0.38153035401033686,2.8361648610278003,-0.6295686103168031,-0.5196664855102592,-0.9933946942515595,-1.041587400096995,0.7245684221471559,0
17031300500,41.84742513810453,-87.7219392776643,0.2009314691158217,-0.020737851433768734,-0.767615089190154,-0.21513879890721568,-0.4735220905493639,-0.5259556571792722,0.43532887547920956,0
17031300600,41.84799050743303,-87.71733432109178,0.45714343145706077,0.05387948522093792,-0.09336714398936304,0.36792657312352856,-0.4400649427863525,-0.2922471225084348,0.2981818563904566,0
17031300700,41.848072090109326,-87.71245040548547,0.03806173582564523,0.0513149498177999,0.07909897186992211,0.4843892890873302,-0.3988869147703361,-0.08034402823838281,0.3227979880217713,0
17031300800,41.84811086323603,-87.7075818047279,0.2810410191696,0.04578178020105779,-0.49169065169575443,0.959516493769997,-0.46322758354536026,-0.2262945133115249,0.37554684151744466,0
17031300900,41.848179648895865,-87.70269927282651,0.3078616510038829,0.040425028859288295,-0.42178007081930097,0.4431117851813575,-0.5610254000833969,-0.21841466704715995,0.292027823482628,0
17031301100,41.84702908274465,-87.69797341330877,0.3553450629540221,-0.06602096687877755,-0.4368728525260223,-0.525963352866982,-0.694853991135447,-0.5018985539402486,0.1803760835834512,0
17031301200,41.84841716484457,-87.69147707435258,0.14048206713962216,0.0689283260718169,-0.45219687432261474,-0.31499138282924455,-0.8312562089384977,-0.2591180772187517,0.01685463774686115,0
17031301600,41.840757216280224,-87.71225203718657,0.17249726499151374,-0.3437250597279431,-0.3900760583115615,-0.25442967282480466,-0.3165308587383041,-0.5784859503255529,0.32455628313829366,0
17031301701,41.84248052924664,-87.71962538619,0.7196263345144756,-0.2915192050034637,-0.8116396319936723,-0.3154201693351035,-0.3808715275133293,-0.6347942431961969,0.49335261432445104,0
17031301702,41.83880617031674,-87.71952439699966,0.16346676950672834,-0.3826842211676537,-0.852782422019463,-0.6883221557152296,-0.09777258490322323,-1.054895571910677,0.41686677675572337,0
17031301802,41.84518462855273,-87.72775914978692,1.021699647956794,-0.19792283153310786,-0.8302978969027897,-0.27537185920898183,-0.16983413393125124,-0.7145784873589804,0.7245684221471561,0
17031301803,41.83954972050366,-87.72787083373707,-0.18602313068758053,-0.3843862260066199,-0.37825128879363623,-0.6246308657638882,-0.041152796381201937,-0.9077497728762484,0.702589733190625,0
17031310400,41.85650694042654,-87.65226127658548,1.3967251073639682,0.0733560624167323,0.46520401869149663,-0.8266190376155885,-0.12865610591523377,0.8263623882429322,-2.3629978024663054,1
17031310500,41.85524805506707,-87.65473996264582,1.0709497196957196,0.04036114275661577,3.2555834915013593,-0.7671099988906223,-0.10291983840522559,0.8405364578370601,-2.3884930816558794,0
17031310600,41.85633306430808,-87.65956370300141,1.8314723133416486,0.06040607150035301,0.6001624533139899,-0.467338992368494,-0.24446930971027828,0.6292921839124629,-2.2680498661740893,1
17031310700,41.8559903405074,-87.6649061181708,1.9151411333548405,0.42974288231638996,-0.40146417921524774,-0.764615323744324,-0.41175504852534023,0.49244842319364135,-1.6350636242260015,0
17031310800,41.85593372130763,-87.66857374611115,0.9173856119444765,2.2723520092078395,0.34617218044881864,-0.7278151402545883,-0.28050008422429157,0.555798873269617,-1.0706508918222872,1
17031310900,41.85577165360453,-87.67467409535564,0.10315677022329438,2.948963326101898,2.151681725666342,-0.858906639898494,0.3191549487589331,-0.3094809543767123,-0.7664658366639,0
17031330102,41.86357211553256,-87.6239883149684,0.24162286645947811,1.4138889267886585,-0.11696591501249197,-0.2438456452185307,-0.48381659755336787,4.02342810533318,-2.5581685604002984,1
17031330103,41.85647960419483,-87.62341722505029,0.6291534644267414,0.8032100116701982,0.22641596919161172,-0.022433664224031192,-0.2058649084452638,2.1249693443527105,-2.7788345975238684,1
17031340300,41.84280464515047,-87.63578822374741,0.2094238307625645,-0.008587429653290955,-0.3860418812362831,-1.3537388878465473,-0.39631328801933496,-0.04853120764927035,-2.200355504187976,0
17031340400,41.84188578901302,-87.63203563287738,0.8312482044226359,0.023584673059837073,-0.06339393604608559,-0.9677117431724694,-0.3062363517343012,0.02064929518582806,-2.0359549107931247,0
17031340500,41.834518180442224,-87.63291692850271,0.015187029836748182,0.5700662916326679,2.4911086475624287,-1.2245900171554231,-0.45808033004335824,-0.38500429861958074,-0.6011860957107876,0
17031340600,41.82728646166221,-87.63265160454759,-0.8154551154919669,0.4464092967371887,0.7290389413539065,-0.675263481574101,-0.7720627936654759,-1.0184554672220365,-0.7269041965421444,0
17031350400,41.84192912666858,-87.62836949830447,-0.3343202786729917,0.04731705239735319,1.8065108562143934,-0.6294077355497262,-0.03600554287920103,0.7170315833973444,-2.2926659978054045,0
17031351100,41.82775407620693,-87.61418940813068,-0.8591842975177688,-0.1504849863840248,0.292880161510939,-0.04544663413132273,-0.3757242740113262,-0.74857872656439,-0.03237762551576875,0
17031351400,41.827401932858805,-87.62409091997658,-0.31223447377356006,0.6864992559150147,0.30614170290610343,-0.13843049793325046,-0.401460541521337,-0.13333351558133147,-0.4139276658011443,0
17031351500,41.82724029925589,-87.62773086502354,-0.8666724388513869,0.773333672944542,-0.039400541229787214,-1.0965382218223996,-0.5352891325733872,-1.1154113285729217,-0.5159087825594474,0
17031360200,41.82688551734434,-87.609887603876,-1.1159669479577268,-0.3135828687855061,3.106157623654279,-0.7219061381108485,-0.34226712624831485,-0.977459629102519,0.12323149229647087,0
17031380100,41.82020196548786,-87.61009737237515,-0.892920816242898,-0.18237334503042707,0.46158882716485117,-0.4530088908093205,-0.9007441312155234,0.30129956028194527,0.07839496682514766,0
17031380200,41.82057402635333,-87.61498605029645,-0.5695589668842546,0.30211098101513006,0.050130953361879255,0.006841168570429792,-1.0757507502835901,-0.28877082244935753,-0.053477166914037706,0
17031381200,41.80851144724087,-87.6139991815747,-0.13601391901796878,0.4534159838063415,-0.09084607752067995,0.5026197218611737,-1.062882616528586,0.03587438430614011,-0.23194412124106864,0
17031381400,41.807620216602025,-87.62142974944342,-0.2546298978618124,1.3915842046698599,0.009282982878734707,0.7472177022646558,-1.5081200444517517,-0.16737530579311533,-0.5290959959333664,0
17031381800,41.8038481232785,-87.62119775847621,-0.6510769787966288,1.2994791830636254,-0.012129729758395377,0.7848504005692979,-1.5106936712027526,0.12898609508557404,-0.5027215691855283,0
17031381900,41.80395568221851,-87.61388848267535,-0.9128212645707293,0.45467700459654553,0.13243620744044401,-0.019396873304415873,-0.9573639197375459,-0.3596179556717346,-0.3664536976550373,0
17031390300,41.81320062397508,-87.60420890209086,-0.585287862403126,-0.34977926032505346,0.09475404088240319,0.5103436280081869,-0.3937396612683345,-0.47966032453151525,-0.010398936559237104,1
17031390400,41.80592440368287,-87.6040581906155,-0.6234022546132245,-0.33510234206794054,0.35446936632131537,0.5612188575878628,-0.06688906389121158,0.22588319136181617,0.10125280333993998,0
17031400300,41.79310422490892,-87.6131830257535,-1.3516859865725925,0.1832942644627084,3.311078530492528,-0.7994294332368708,-1.2275947285926472,-1.0838400956156833,-0.35502477939764165,0
17031400400,41.79112620081166,-87.61832105487285,-0.9743848407910043,0.5588234761409919,1.9137770821250082,0.712440619628389,-1.500399164198749,-0.10390677332493974,-0.6258022273421023,0
17031400500,41.79104146933948,-87.62317914622952,-0.9077694908214007,0.22132377658906452,-0.1525797983854668,0.9723526628496371,-1.670258529764812,-0.25557284652873435,-0.6899799990951722,0
17031400800,41.78286330067333,-87.6205580062742,-0.881861296240699,0.17766855299359016,-0.3298808078439891,0.8866897645193531,-1.405174974411714,-0.6197390392914458,-0.31370484415936317,0
17031410200,41.80167085916462,-87.59426506355797,-0.20208408323651345,-0.4886964444550739,0.5479147276719097,-0.8090761171407348,0.29599230799992426,1.4932817241723844,0.32016054534698724,0
17031410500,41.797830877089815,-87.60374228499697,-0.524660692125473,-0.32624907139125026,0.6617771091586756,-0.48864594517205456,-0.2599110702162839,0.8866602191466768,-0.04644398644794772,0
17031410700,41.79804934289089,-87.59419955552696,-0.41141746812433727,-0.4843123661228265,2.5907353241494375,-0.9856600007970346,0.06436590040983818,0.3831304714963131,0.32016054534698696,0
17031410800,41.79796146757346,-87.5896247913679,-0.11565829365374473,-0.5306255609651183,0.3197593488877059,-1.0343841136117733,0.43239452580297527,0.9885695872493714,0.456428416877479,0
17031420200,41.7834680644641,-87.59352076159603,-0.5477604136363086,-0.46053496641290614,0.26700832718761414,-0.0018395569329058392,0.06179227365883664,-0.3541983510126916,0.5109355654896756,0
17031420300,41.78322409382214,-87.59869701520591,-0.5815295084870401,-0.28345407761045244,0.13011251996597534,-0.2767983420728569,-0.12350885241323287,0.013140043845449917,0.41774592431398483,0
17031420400,41.78316989788861,-87.6035583614819,-0.6240131259833085,0.43883025449171376,0.6064935026477587,0.6813810304655169,-0.2856473377262936,0.16806296320508293,0.23839982242869295,0
17031420500,41.78310025419971,-87.60842612566718,-0.8400444230746393,0.5612673509097325,-0.003019549080852548,2.0850347624833883,-0.8209617019344945,0.3979290292803001,0.00015083413989787372,0
17031420600,41.783013512155726,-87.61327769449517,-0.7809216839139085,0.6647958758808502,0.12779068336513397,2.844519993249326,-1.1632540598176222,0.9276569425841267,-0.13611703739059366,0
17031420700,41.77669145058928,-87.61069325260799,-1.045876559327481,0.20718715475639896,-0.5126829401023266,1.915988705001171,-0.9933946942515595,0.6685589794892881,0.20675051033128827,0
17031420800,41.77690977673589,-87.60325691983387,-0.879046151358125,0.1849027282532657,0.17406545344557106,0.9333094529731165,-0.4091814217743394,0.41317704155113766,0.4995066472322796,0
17031421200,41.77066216236717,-87.60894745404624,-0.7843564415916696,-0.2778459730237938,-0.5956618683177852,0.9235960120082563,-0.9290540254765347,0.2902796991554772,0.22169601882172918,0
17031430101,41.76985324172053,-87.57395301583693,-0.9868358234058371,-0.6122596408411568,-0.512628844878602,1.242976113270818,0.25996153348591095,0.1013925272481215,1.2230450876812766,0
17031430200,41.76976128060319,-87.58135086622279,-1.1092828956951948,-0.6031324831140605,-0.1577558046077496,0.39765464991831917,-0.09777258490322323,-0.10080347164058809,1.2116161694238805,0
17031430300,41.76971639686328,-87.58936011962871,-0.7844855602998712,-0.5584483772545507,0.08672624064586053,0.9580904703524938,-0.1440978664212405,-0.1526467746734545,0.959300820202906,0
17031430400,41.762196134512415,-87.59030981946003,-0.6034503119766882,-0.5775335366998035,-0.2971192215505225,0.7336860337138814,-0.2290275492042719,0.006486001844386081,0.8019334072741447,0
17031430500,41.76431388102515,-87.58126994948839,-0.45662925097159496,-0.6070434057139122,0.42855076422409055,1.6612532635014396,-0.1209352256622317,-0.01965653747866391,1.085898068592524,0
17031430600,41.76441328813643,-87.57137298777623,-0.6107071692617085,-0.6211867802750379,-0.6387561956608427,0.5736640640158737,0.21363625196789404,-0.05005688045017761,1.082381478359479,0
17031430800,41.76075000780601,-87.57129826090427,-0.6173633927643237,-0.6219044510640174,-0.6317688097235619,0.2227046788842332,0.11069118192785547,-0.2529587421129755,1.1184265282481896,0
17031430900,41.760640961857824,-87.58118514144209,-0.7630530798871048,-0.6096842059704437,0.6584049296450963,0.5769960937652626,-0.21873304220026898,-0.053473595648106144,0.9619382628776897,0
17031431200,41.75530112860253,-87.57118433947272,-0.8789938504706548,-0.6229557657554172,-0.6676929244220328,0.14936851991457947,0.42467364554997244,-0.07379251427073129,1.1219431184812347,0
17031431301,41.7535301662148,-87.56018712379178,-0.5829820960251613,-0.6295726603807272,-0.6122947544954287,2.1300592574136212,0.8596165664691356,0.2587637387064826,1.4507443052709368,0
17031431302,41.75838548999833,-87.56278598064895,-0.31067027935057384,-0.6295726603807272,-0.629483730609407,3.362964643278233,0.7129198416620806,0.21145786807202693,1.3619504018865518,0
17031440101,41.74862709756805,-87.6014511858359,-0.5501437471690311,-0.5472227176770084,-0.299153427538433,2.963056594877151,-0.24189568295927708,1.1290529218083196,0.6902816673749679,0
17031440102,41.7409356900695,-87.6011636635892,-0.7835236849191408,-0.5537044110962617,-0.16205326501359713,0.4647131325109271,0.09782304817285029,-0.26827468954695693,0.8669903265854763,0
17031440201,41.74820975059761,-87.61007386117005,-0.5009888964865589,-0.4826066744028846,-0.5924682709650881,0.8707584620107741,-0.16983413393125016,0.5023335129718742,0.6568740601610406,0
17031440202,41.74095993202832,-87.60976203615898,-0.8840135200620399,-0.4966055890352812,1.0306804516206443,-0.19807412945449723,0.04377688640182981,-0.5805227669951415,0.7746798329680464,0
17031440300,41.74372147414208,-87.61954239226287,-1.2215742749135559,-0.2745090804978357,-0.533349781316072,-0.7791914872638886,-0.3988869147703361,-0.5612533767568607,0.7447888159871644,0
17031440700,41.73475140873607,-87.60962935720163,-1.0846218797298595,-0.5110658925781746,0.43646134256596814,-0.7735984867125768,0.2573879067349098,-0.47402918055201454,1.0841397734760014,0
17031440800,41.73171156919596,-87.60332792910991,-0.5408216747306666,-0.5666983985619813,-0.21349023811703507,-0.5268566939340354,0.33974396276694074,-0.3902155661771884,1.0797440356846952,0
17031440900,41.72866905982221,-87.60900580155469,-1.2201633047780291,-0.5284499831722609,2.5179903218474258,-0.8820659934874776,0.27540329399191626,-0.6877168106941209,1.071831707660344,0
17031450300,41.74194387568329,-87.5790894038454,-1.03744097938494,-0.6295726603807272,-0.6351441690135426,-0.6869492962531776,0.1621637169478744,-0.07745330164908362,1.25381525222042,0
17031460200,41.741387211912766,-87.54701006752616,-1.5008721040229354,-0.6295726603807272,0.4819237370898298,-0.7489180878525679,1.2224979383602714,-1.0881647130775993,1.6986639167006052,0
17031460301,41.74002635501218,-87.55636732167159,-1.1594026720136459,-0.6295726603807272,-0.4585978711297233,-0.04687577322147882,0.970282516762177,-0.5495572741132285,1.6670146046032006,0
17031460302,41.747084088933605,-87.55738790063552,-0.9095539608901779,-0.6295726603807272,-0.618145298351229,0.4485605935352408,0.9677088900111758,-0.38652309616381963,1.4533817479457203,0
17031460400,41.74449055811051,-87.56369222540242,-1.1815976768538579,-0.6295726603807272,-0.40053340673953103,-0.1908962508271035,0.7669660034331006,-0.3453041407625187,1.443711124804847,0
17031460800,41.73560036387274,-87.5531841738652,-0.6137183860976764,-0.6295726603807272,-0.1004938459916119,0.47420366260655117,1.1375682555772397,-0.27311412654334316,1.6599814241371107,0
17031461000,41.727424890973005,-87.54648548712933,-0.9321556836460464,-0.6295726603807272,-0.7918079190669917,-1.1886405377426321,1.4592715994523602,-1.0258445418440383,1.6731686375110293,0
17031470100,41.72822091302084,-87.59648943488708,-1.4066215313310622,-0.5913162703272453,-0.488304014656439,-0.7074528797082604,0.41695276529697,-0.4432121678801638,1.127218003830802,0
17031480500,41.72760022175043,-87.55909135087714,-1.3717152333167566,-0.6295726603807272,-0.1511241000714063,-0.931421587806971,1.2122034313562677,-1.0922059119123437,1.587012176801428,0
17031490600,41.71797346218148,-87.62833016169068,-1.2656910277548248,-0.24124774227555157,-0.058195003223975146,-0.7658830194625991,-0.11064071865822842,-0.9524842083683275,1.3311802373474089,0
17031490800,41.71069010443464,-87.61534690159469,-1.0475035151921883,-0.5500327663919491,-0.7594027179748017,-0.9306338832745779,0.5687967436060267,-0.817867432384372,1.439315387013541,0
17031490901,41.696058144476005,-87.6162676481261,-1.1606553454518795,-0.6061801122345387,-0.08732613761874121,-0.7577576338343879,0.9857242772681827,-0.939218440911519,1.3988745993335239,0
17031490902,41.70328008442678,-87.61532623564199,-1.1547342575250348,-0.5917874816875764,-0.8018067247029331,-0.7053482935991887,0.802996777947114,-0.8794897673543288,1.4445902723631079,0
17031491000,41.69976276674458,-87.6280536017356,-1.088807755253618,-0.597101452482552,-0.7949791690185927,0.36415512647709847,0.8621901932201368,-0.6528845029156986,1.418215845615271,0
17031491300,41.68889690101183,-87.62780358662054,-1.2618820039604053,-0.6188964307703642,-0.8488565152509923,0.24653547885381613,1.140141882328241,-0.33753019720894484,1.645915063204931,0
17031491400,41.689123213929335,-87.61682146081172,-1.356892733749137,-0.6191822924254949,2.1473944515130103,-0.4735217319254871,0.8982209677341497,-0.7760521165432732,1.5896496194762118,0
17031500100,41.71468407163197,-87.59502867046551,-1.7214255482046854,-0.6072563090852603,-0.8558366357752688,-1.72576310876555,0.9882979040191838,-1.6648530464945759,1.470085551552684,0
17031500200,41.70085534796878,-87.60030833667852,-1.7905089488101174,-0.6112388200832845,-0.8775973225458066,-1.8460576751409021,1.3357375154043143,-1.9663140318527996,1.754050212871063,0
17031500300,41.6893150550532,-87.60536970838906,-1.300916017592239,-0.621267261005114,1.4777523777996096,-1.3477634098403766,1.1813199103442564,-1.3025523486380692,1.6925098837927766,0
17031510100,41.71310287053611,-87.54989037857096,-1.5416124703841967,-0.6295726603807272,-0.7629154104995077,-2.0060844052227815,1.6497199790264316,-1.8255467753588925,1.7294340812397484,0
17031510200,41.71426543294736,-87.56004956750647,-1.6804119307370053,-0.6295726603807272,-0.42109634542130236,-1.5156888741511063,1.3614737829143237,-1.3755066785605738,1.646794210763192,0
17031510300,41.71573740643552,-87.57497712281814,-1.855822537595218,-0.6295726603807272,-0.5534558535977014,-1.6777857646595924,0.903368221236152,-1.551578669939929,1.735588114147577,0
17031520200,41.7138160428872,-87.53981030284731,-1.7806419516540921,-0.6295726603807272,-0.6960019482331169,-1.9699365013248424,1.7758276898254788,-1.691426231666131,1.7180051629823525,0
17031520300,41.70111405975716,-87.53956285974746,-0.8938868595925121,-0.6295726603807272,-0.47995839150731656,-1.67610040399952,2.1773134629816293,-1.2549124491726926,1.7698748689197652,0
17031530100,41.68185227648356,-87.61793947901675,-1.4722991838245971,-0.622392185040388,-0.2046116080797002,-0.5360523034261888,0.9831506505171819,-1.1070728673542287,1.7250383434484422,0
17031530200,41.68156117334845,-87.63239539695695,-1.5914648280594734,-0.6225799980493836,-0.8574068142926393,-0.06809557519454479,1.1015374810632261,-0.7463449764054346,1.7153677203075686,0
17031530300,41.68131428179824,-87.65175241101232,-1.4749232993179833,-0.6295726603807272,0.16834371323450756,-1.4147595222465095,1.3589001561633227,-1.1200902112764586,1.601957685291869,0
17031570300,41.804144852041176,-87.73079090816512,-0.07219979651219205,-0.37414822793141295,-0.08282153212896287,-1.5005561803759582,1.629130965018424,0.3561318246512484,0.7421513733123809,0
17031570400,41.804992099377685,-87.71913039075497,0.7447337929351607,-0.3286086357301661,1.1952580553199803,-1.2408806532827676,1.2224979383602717,-0.8786972837036308,0.6454451419036444,0
17031570500,41.798601489025415,-87.73245521544636,0.4125210880265364,-0.3641157602563758,-0.22436126245873483,-1.4415876986478524,1.7372232885604646,-0.23911180151274353,0.7887461939002262,0
17031580100,41.82805504290194,-87.69074630522682,-0.09951289304862694,-0.3777375713533307,-0.6095202970364298,-1.4088079979268964,0.5121769550840051,-0.9607359484528276,0.1364187056703889,0
17031580200,41.82677185288627,-87.69934773107254,0.22987840094856682,-0.4643161733426406,-0.4915112264038041,-1.4694677886225476,0.5070297015820034,-1.2483050426604765,0.18477182137475737,0
17031580300,41.82518758819369,-87.70893395344291,-0.5121576357476401,-0.49467189394463495,-0.9439653923702721,-1.6228249697777115,0.42467364554997244,-1.26109595217129,0.13817700078691178,0
17031580400,41.81527548859857,-87.70918446663367,-0.17468811301964807,-0.4543780123509236,-0.9628497245581212,-1.6914627536705058,0.7103462149110794,-1.237118229415634,0.44675779373660546,0
17031580501,41.81998598473179,-87.69949615979077,0.3924071952599558,-0.4610745108109729,-0.7771456884672764,-0.654065293644926,0.9007945944851512,-0.5931535856533693,0.3781842841922292,0
17031580600,41.81739795042834,-87.69203144990652,-0.25542416590675615,-0.44346309593536676,0.6954791858908597,-0.8426697280897829,0.8467484327141311,-0.9035764059808074,0.5012649423488019,0
17031580700,41.817493651088114,-87.686845933792,-0.17415587391352583,-0.4165181799452714,-0.5528986864431639,-0.7616900121347773,0.5353395958430138,-0.7244627098615584,0.32455628313829366,0
17031580800,41.81021971389725,-87.68664360022211,0.49797239892189055,-0.22314682514167694,-0.7941324485730492,-0.6847545781379738,0.8467484327141308,-0.6365351563049213,0.28851123324958305,0
17031590600,41.82683323816669,-87.67292441672902,-0.03624882702070488,-0.2895308126846664,-0.2766857014857943,-1.0845922927301785,0.08238128766684429,-0.2558341042122824,-0.044685691331425345,0
17031590700,41.82680672865803,-87.66376415476292,-0.4144761471647914,-0.3970085090957311,-0.6788588467571566,-1.662714853182409,-0.6871331108824446,-1.2766244321111095,-0.1730412348375652,0
17031600400,41.84171835840585,-87.64393217402714,0.7167781660576868,0.021700740473900054,0.6567931206875783,-1.1357670525343526,-0.7540474064084688,0.747820396985111,-2.062329337540961,0
17031600600,41.84238527193597,-87.65558175831423,0.7294181121363652,-0.10517094653708682,0.09725860662795076,-1.3547426073141051,-0.5044056115613766,-0.21961563765195039,-1.2165893864936526,0
17031600700,41.840831405805645,-87.66074501263888,0.7771271999410172,0.1472898126717379,-0.36882589131371035,-1.2312203774790424,-0.2599110702162839,-0.45305556680786974,-0.4350272071994138,0
17031600900,41.83651292219011,-87.65314280651634,0.684012548518791,-0.2673143789629367,0.6506999112275326,-1.0135043654515346,-1.1272232853036093,0.18779485023592596,-0.583603144545563,0
17031610300,41.81617800321568,-87.67510211828244,-0.7058936014706358,-0.4394902407612743,-0.5292212815422705,-1.3728923393227448,0.11069118192785402,-1.4796250995861062,-0.09128051191927068,0
17031610400,41.81039845569693,-87.66744912552309,0.8565875038882261,-0.49433582607950305,1.133183563535328,0.19706760589454397,-0.17498138743325217,-0.1333029147205723,-0.3532664842811193,0
17031611200,41.80499398607003,-87.6624413702727,-0.3223899287347959,-0.5060426324195307,0.9700361006383135,0.5635630268519345,-0.34998800650131767,0.007898875806760157,-0.617889899317751,0
17031611300,41.80493627476779,-87.66730385787683,0.11121747172032671,-0.5070105886126443,0.12602241041843504,0.6321241967930938,-0.21101216194726544,0.023334781259274028,-0.07985159366187503,0
17031611400,41.80489295100372,-87.67216606768886,-0.0553527470798661,-0.4670754736949789,0.3032270120250462,0.40002616241719663,-0.28050008422429157,-0.5876689889952804,-0.12380897157493656,0
17031611500,41.805381952029,-87.6787310683613,-0.4947515513091834,-0.16475833433389234,-0.5422729587667346,-0.8694688115268219,0.2059153717148905,-1.254600407027566,0.09949450822341736,0
17031611700,41.7975991784673,-87.67197618310482,-0.7275244674039255,-0.48565693341834404,-0.10705300379767824,0.14106671501466342,-0.3525616332523181,-0.12421665938346786,-0.2310649736828072,0
17031611800,41.79764778873271,-87.66711377792961,-0.6568942496034056,-0.495829762624879,-0.21575013504903057,1.3200021526643444,-0.06174181038920958,0.21395766037961395,-0.267989171129779,0
17031611900,41.79774308328047,-87.65982263907885,-1.0456496089775014,-0.4841546120841945,1.917689315128315,0.9022054745951104,-0.2032912816942626,-0.23843888667786636,-0.5976695054777424,0
17031612000,41.79784666269459,-87.65253596918974,-1.0506692391917611,-0.4277920080883261,0.24578558221566998,0.2880922955431752,-0.5635990268343988,-0.4973691409116061,-0.8992171179613463,0
17031612100,41.79791281392257,-87.64768081050681,-1.0502818816817343,-0.3820230846446959,-0.32281113641904186,0.1576771297712081,-0.8158144484324921,-0.36817305826532865,-0.9273498398257057,0
17031612200,41.80487604212146,-87.65271935092944,-0.6145209091239902,-0.43613228256973535,-0.2801920404906688,-0.8355494462923859,-0.6665440968744366,-1.2119053765926986,-1.2543927314988854,0
17031620200,41.79552143055256,-87.7292337668953,0.2842863467759402,-0.25313756212837046,-0.2965013717309215,-1.3459285708457644,1.5055968809703777,-0.7263414901967548,0.7192935367975886,0
17031630300,41.79886208230388,-87.70863783786331,-0.6190341135063727,-0.30046103446657313,-0.8017424879570373,-1.146974524703305,0.9471198760031682,-0.9970513795766751,0.5584095336357828,0
17031630400,41.79725452881887,-87.69878109743804,-0.6589244065223626,-0.3958333241028686,-0.8772763175053563,-0.3908835850377876,1.147862762581244,-0.6438879454399149,0.3122482173226365,0
17031630500,41.79742788611879,-87.68901706007698,-0.5639584614868804,-0.39916055166067715,-0.371310861936267,-0.47432058593742527,0.5662231168550255,-1.0512351475446564,0.35620559523569784,0
17031630800,41.78996523820065,-87.69857245023763,-0.4979186148632529,-0.5185281281144835,-0.8545671203172513,-0.46711667043007654,0.9908715307701846,-0.720541615983444,0.06960349124253529,0
17031630900,41.78981146426513,-87.70836549523904,-0.4131055530299619,-0.5146628624775523,-0.48361667123646085,-0.8713294084293606,1.3074276211433034,-0.9518136590324668,0.5162104508392431,0
17031640100,41.78191965414441,-87.73986077819387,-0.7580773172497518,-0.14798331897994269,-0.841305181554653,-1.5760177601998382,1.7758276898254788,-0.9645312330851686,0.5874214030584032,0
17031650100,41.78237660898073,-87.71785492533074,-0.33266093886129455,-0.5410133988741763,-0.8480036108701808,-1.1648360648809493,1.4180935714363452,-0.8254165354301095,0.6375328138792935,0
17031650400,41.76531192819539,-87.71716517406308,-0.9324835867590308,-0.5990910217253034,-0.819938648881944,-1.403210828356538,1.9971595904115615,-1.335085770268341,0.8274286864637201,0
17031660301,41.779954049284456,-87.69828723443064,1.0619648269527286,-0.5667585815968144,-0.766856298528423,1.239768728209763,1.1710254033402525,-0.17082214905703674,0.41335018652267863,0
17031660302,41.78359568685421,-87.69839262564432,0.2525447394168901,-0.5546381652671644,-0.8398990726456218,0.3119222693520143,1.0963902275612245,-0.32244189921433436,0.4397246132705157,0
17031660400,41.78253211192123,-87.70804407561845,-0.37839514937544805,-0.5591473519194052,-0.8167278526435973,-0.7732315551588734,1.2765441001312918,-0.7258307905785809,0.6173124200392854,0
17031660500,41.77524615496966,-87.70792709657879,-0.6211362304680446,-0.5816449333686897,-0.4501573734634334,-0.7316831902236031,1.5364804019823892,-1.0856668360474537,0.5575303860775214,0
17031660600,41.7772871627802,-87.69334058046161,0.23398346312354923,-0.5789229802428447,-0.6873136640337963,1.281138131394407,0.8724847002241404,0.0918113448397266,0.3649970708183107,0
17031660700,41.7738453587022,-87.6810954614155,-0.5382081879477585,-0.5628236473894522,-0.7055878842637364,0.6891611252393591,0.3937901245379612,0.23693891790729166,0.25510362603565623,0
17031660800,41.77364113466513,-87.69326554348059,-0.21941709356560915,-0.585882693043619,-0.33201525281280087,0.7198612659462961,0.9805770237661809,-0.5053840073789527,0.42653739989659717,0
17031660900,41.768104064288494,-87.69799869880157,-1.1363333806250917,-0.59625545404245,1.0172009018894739,-1.0906138220671768,1.4129463179343429,-1.5173200280172716,0.5047815325818472,0
17031661000,41.76181770679688,-87.68504680685665,-0.31508255162640986,-0.6067281836823741,-0.8856293930405631,0.3768546835952979,0.6640209333930621,-0.37001083016516967,0.5865422555001417,0
17031670100,41.79049374081438,-87.65720835337022,-1.0819377217456632,-0.42843981256084124,0.08539453278657881,1.5972979988428997,-0.5816144140914045,0.3313535065421391,-0.3418375660237231,0
17031670200,41.790424798881205,-87.66206265479505,-1.0087595777671399,-0.45683503511534035,-0.3593156879821312,1.727133680034228,-0.334546245995312,-0.016507485693624237,-0.2864512698532652,0
17031670300,41.79035763723713,-87.66691669890162,-0.8064392536479391,-0.46079210556855554,-0.1616680971950706,1.2213041798159063,-0.21101216194726544,-0.01928386750726349,-0.09479710215231568,0
17031670400,41.79029967951583,-87.6717697753114,-0.9376941904531908,-0.48825152797882343,-0.2570847939490791,0.6892280000801007,-0.2470429364612791,-0.019580629888461248,0.008942309722509732,0
17031670500,41.78657828083677,-87.67640438563645,-0.9598569683072191,-0.5204996502986335,0.527866795589152,-0.47214233404230144,-0.09262533140122123,-0.8796385441032669,0.12059404962168681,0
17031670600,41.78300550752088,-87.67157719892104,-1.0060979450493637,-0.4155715132910353,0.304826246946437,0.5992890599347522,-0.1338033594172365,-0.30365211870123054,0.25070788824435003,0
17031670700,41.78306861925135,-87.66673146104185,-0.8520355907946722,-0.11059382409106998,-0.32611261429536653,1.2387135663482638,-0.22388029570227028,0.3287409545004805,0.19971732986519827,0
17031670800,41.78314423081382,-87.66187901289294,-0.9183034825498984,-0.001417538525031033,-0.42384362573251694,1.3721487944613489,-0.47609571730036504,0.6610703768322325,-0.02182785481663302,0
17031670900,41.78321241504649,-87.65702200541976,-1.0551357123166545,-0.2984453189771755,-0.32666649357061023,0.8431012720345343,-0.741179272653464,0.09834914506644621,-0.08073074122013596,0
17031671100,41.776777088207325,-87.66171593893885,-0.887250817097281,0.6209423876435634,0.06252645909729476,1.2898703238889424,-0.4503594497903554,0.019999446835326985,0.22521260905477417,0
17031671200,41.776699279311096,-87.66658225346454,-0.363911889958787,0.32048494978495573,-0.5530635151721673,1.6589933470991656,-0.3319726192443108,0.24427532861295825,0.34917241476960836,0
17031671300,41.77390159973629,-87.67134933183131,-0.8496305422799534,-0.4496547346556028,-0.17336764796313067,1.5387485140866777,-0.2702055772202872,-0.03706826205621058,0.26916998696783595,0
17031671400,41.77379220246468,-87.67622885931681,-0.8772300261068414,-0.5323916971087577,-0.700093830440484,0.8543802249620434,-0.028284662626197117,-0.48019626819564576,0.26301595406000716,0
17031671500,41.76817225211874,-87.66963136796917,-0.9344198600523717,-0.5184837185995922,-0.6807085560324199,1.016369714551573,-0.2547638167142819,0.0007741287076068455,0.41159189140615604,0
17031671600,41.76949999480416,-87.6615113437655,-0.5150829008986443,-0.4303370872889183,-0.47461038723082954,1.8086518330810981,-0.4735220905493639,0.42615829364561764,0.418625071872246,0
17031671800,41.7614010307563,-87.65644807626256,-1.178685572697172,-0.5212423054979337,-0.7292369638240923,0.9520396130005748,-0.3628561402563225,0.09340467417899803,0.5724758945679622,0
17031671900,41.76132564780979,-87.661280244846,-0.7459811347718738,-0.5446445049799509,-0.6907421904053951,0.6826581366436226,-0.01799015562219311,-0.09964780712420171,0.6674238308601755,0
17031672000,41.7611983245043,-87.67112812678795,-1.1503228415470286,-0.5853212415143206,-0.37276600733101756,0.1909566206794375,0.04377688640182981,-0.301858095511535,0.5821465177088361,0
17031680500,41.79056399147986,-87.65235243876248,-1.122184893960376,-0.40005199246735507,0.18446035961338106,0.7321311407734598,-0.48639022430436835,0.08053597833920183,-0.5115130447681412,0
17031680600,41.78328114206175,-87.65216524560557,-1.131582206561691,-0.2913505435578071,-0.36217393564912564,0.6770485823984576,-0.8132408216814913,0.17521554365792572,-0.10270943017666685,0
17031680900,41.776430537437136,-87.637630384517,-1.0912657692176562,0.018640545387036113,-0.6286216290180965,0.6844222930947669,-1.4746628966887387,-0.4478453683769179,-0.37172858300460543,0
17031681000,41.77603986876576,-87.64954794490039,-1.1170968092406794,-0.1598005834700435,-0.32530569438490226,1.146240333073982,-0.9444957859825402,0.398056125071802,-0.12996300448276485,0
17031681100,41.76876652787459,-87.64935954801622,-0.7437723889032424,-0.40562346286894574,-0.5807126315521393,1.909328571612779,-0.9522166662355428,0.07875954462160917,0.2313666419626027,0
17031681200,41.769189311804894,-87.638497580659,-1.2764418822658328,-0.27615749706655873,-0.3045885131591232,1.1055999524562006,-1.3331134253836865,-0.4032319828976878,-0.17304123483756595,0
17031681300,41.76118071217604,-87.6398423026641,-1.180269102037777,-0.4101321578151645,1.8251720917987568,0.505570309254278,-1.4901046571947436,-0.5517173504272347,0.422141662105291,0
17031681400,41.76152235548959,-87.64917056615232,-1.2169420418056132,-0.48906519048436164,-0.6843690701065925,1.46063937308158,-0.6202188153564189,0.31300756931396806,0.42829569501311954,0
17031690300,41.76866938568237,-87.62900925988595,-0.8013811627323938,0.7283904850172603,-0.5731963305938138,0.8648152707196244,-1.472089269937738,-0.517579908067504,-0.1607331690219086,0
17031690400,41.76925900891924,-87.62020386941194,-0.972290785424352,0.025107028543724867,-0.6472137009773185,1.2412200862591058,-1.3305397986326857,0.09983634190829445,-0.10183028261840567,0
17031690500,41.768179436582805,-87.61210313968233,-0.7319614749601187,-0.31049438979263655,-0.5549193927373544,0.48521263334540676,-1.0860452572875927,-0.010448251764064293,0.13114382032082178,0
17031690900,41.76214245454288,-87.61034470420378,-0.8097730854432412,-0.4138305171500599,-0.5593234460128187,0.6310144893909992,-0.8441243426935026,0.42420740421702136,0.3025775941817628,0
17031691000,41.76196545351129,-87.62001506655379,-0.7673733884027436,-0.24537309643225105,-0.5636533829501256,0.2166271145004504,-1.0757507502835901,-0.3086805440741912,-0.025344445049678012,0
17031691100,41.76171350998859,-87.62987205742746,-0.8543950358187704,-0.20010588943490898,1.56780098599998,0.6690082137854834,-1.3871595871547067,-0.5444986564937494,0.07751581926688647,0
17031691200,41.754438909038655,-87.63218057678046,-0.6753503310170839,-0.284672468627906,-0.438174471036581,-0.1744101551853665,-1.2275947285926463,-0.8937317044370241,0.35972218546874307,0
17031691300,41.75468109473709,-87.61984715195786,-0.6376949483632821,-0.20771781911808893,-0.7294935298887137,-0.30147522364487017,-0.7797836739184785,-0.22610362138577456,0.1962007396321533,0
17031691400,41.75484549030815,-87.61016852133864,-0.48230696684793495,-0.46074259107750776,-0.6293074103030503,0.4475521516190587,-0.34998800650131767,0.3315799915784256,0.2858737905747987,0
17031691500,41.75505281750012,-87.60026658970479,-0.5620113928458278,-0.5369625889133905,7.155919493524573,0.37085236430405916,-0.048873676634204756,-0.3257875057886326,0.6304996334132035,0
17031710100,41.75339179487351,-87.6419713137697,-0.721246560606311,-0.4825876789456894,-0.29930556389202334,1.328352201634374,-0.6897067376334447,-0.08874797747781243,0.7263267172636785,0
17031710200,41.755113073919375,-87.65142523318099,-0.9430949392872762,-0.5329554474554424,-0.6221991558569467,1.3709516181317438,-0.3088099784853024,0.27873899056788554,0.6120375346897179,0
17031710300,41.75404851434258,-87.66110569972993,-0.5112439665430331,-0.564745550941468,-0.6767788101594198,0.8224578582752629,0.2805505474939186,-0.21572940745224645,0.7711632427350013,0
17031710400,41.7539183747035,-87.67093275516022,-0.9828377896254149,-0.6027978613144885,-0.669227978210706,0.3075245802700978,0.31400769525693073,-0.29854286810349195,0.891606458216791,0
17031710500,41.74753153067674,-87.6707874132213,-0.9610098842482004,-0.6108182174795639,-0.06293641704035673,0.11838362429959795,0.6176956518750452,-0.47362289517567496,1.1412843647629816,0
17031710600,41.74766006721171,-87.66094335964128,-0.6570236102993828,-0.5828542851268106,-0.13144857534414184,1.856150680062678,0.5893857576140343,0.5136646490718455,0.900397933799403,0
17031710700,41.747110100656265,-87.65688393449238,-0.7905359562935088,-0.5631734592775971,-0.20026308568164464,1.1194021681475785,0.4915879410759978,0.2456393938491505,0.9232557703141954,0
17031710800,41.74783671846106,-87.64881259853637,-0.7870495874073689,-0.5382769106512643,-0.6468166868372687,0.6692395944125836,0.012893365389818168,0.2061960884718097,0.8370993096045944,0
17031710900,41.742146299116776,-87.63968948170375,-0.8062989130306804,-0.4917568025458985,5.42667431159483,-0.7571814863151209,-0.028284662626197117,-1.1273385034328771,0.9610591153194283,0
17031711000,41.739643657245466,-87.6485810672001,-1.154682720625852,-0.5535156525084239,-0.29831450092310097,0.1794822734131951,0.5687967436060267,-0.14194346739700878,1.056007051611642,0
17031711100,41.73950163684116,-87.65830015378648,-0.6855456675940321,-0.5861727948235234,1.5676154231423551,-0.19225113832646826,0.8570429397181348,-0.43782675882589567,0.9382012788046367,0
17031711300,41.73350442641302,-87.66728555165727,-0.38302182772846216,-0.6228960730254312,-0.281261190358771,-0.6830803660737587,1.4129463179343429,-0.6970886319349561,1.1746919719769087,0
17031711400,41.73366123643781,-87.65211686791797,-0.7408806071291232,-0.5879456809618392,-0.3683728628846492,-0.10004613327771966,0.7257879754170854,-0.3261324422357177,1.231836563263889,0
17031711500,41.73244018928171,-87.63868876585069,-1.4846868680932226,-0.4983527559359838,-0.4734585157519417,-0.46470926885240815,0.17503185070287922,-0.8409800043516675,1.3461257458378497,0
17031730100,41.72519523695582,-87.6384255727554,-1.4111194164842915,-0.5141142729488238,0.2844916180004074,-0.8953318005516272,0.3243022022609351,-0.8405353212838992,1.3373342702552373,0
17031730201,41.72686262076464,-87.65790155546892,-1.1096132603398035,-0.6012018318246816,0.28054923795182823,-0.8175057697190815,1.0835220938062198,-0.018190780496721817,1.1562298732534226,0
17031730300,41.72746940402384,-87.66456671690256,-0.765638419042659,-0.6148410625605262,-0.3370041375080644,-0.950925617903008,1.335737515404314,-0.5038429967025626,1.1324928891803696,0
17031730400,41.71784069933062,-87.6526479614649,-1.0058011338712087,-0.5969768558260953,-0.37642450060960797,-1.2080266352499591,0.6665945601440629,-1.1034916911761898,1.41030351759092,0
17031730500,41.71426557561742,-87.638137747633,-1.4503494708090932,-0.5545700145251348,0.9945792195078184,-1.0798183339655103,0.09782304817285029,-0.8618933777308779,1.40327033712483,0
17031730700,41.70308167174526,-87.65007926852955,-1.4151492950326008,-0.6106596126451851,0.1451252992536804,-0.8892328948500928,0.7978495244451123,-1.0655233359543448,1.3162347288569678,0
17031750100,41.69583445692171,-87.65202827215984,-1.5130970065931921,-0.6213271391617001,-0.4772395563245584,-0.8641887873731248,0.9599880097581733,-1.3337505849691422,1.5105263392327009,0
17031750600,41.68863114142261,-87.65204932766164,-1.548693415512656,-0.6295726603807272,1.1819184399271654,-0.9895054330488262,1.0603594530472111,-1.1300515138425342,1.5755832585440321,0
17031830600,42.00169801114875,-87.67357383315084,1.352431508426459,-0.12758073881280338,0.21921545318568278,-0.6147395741330727,0.4581307933129853,0.5976410478244175,0.3931297926826699,0
17031830700,41.96097958607496,-87.65916645604878,0.23394192736906003,1.1360442447171963,0.05001112206505767,-0.744524709423852,0.6897572009030717,0.8015307815919174,-0.11325920087580157,0
17031831200,41.91532126227752,-87.73225998607658,1.402493722998698,-0.5138311117852533,-0.29471414823217573,-0.06322386881178761,-0.24189568295927708,0.2713168134835173,-0.1888658908862678,0
17031831300,41.90776635689262,-87.74425949897893,1.174320812009476,-0.509591880964312,-0.7264498376816129,0.6071107932992145,-0.32939899249331,-0.4184343773299224,0.4502743839696497,0
17031832900,41.87417505967809,-87.6619348455212,0.6814265864778812,1.57042950257871,-0.19404329283507005,-0.961195807894906,-0.0025483951161874717,1.2974263659931742,-2.9133441739378374,0
17031833900,41.73187717904624,-87.54785286272997,-1.0947427898444604,-0.6295726603807272,-0.6986736799793166,-0.5824598156130456,1.3537529026613209,-1.00236740463171,1.69514732646756,0
17031834000,41.72739398654117,-87.62943214913187,-1.45867059924438,-0.2242709986184809,-0.14119346321730908,-0.5238237637116341,-0.2753528307222903,-1.4237006006352309,1.1852417426760435,0
17031834200,41.75556760384298,-87.58360696952602,-0.7340143983446187,-0.6043146621811735,-0.31955666029654384,0.938963622722854,-0.14924511992324252,0.2805733244204427,0.806329145065451,0
17031834400,41.77695045912093,-87.5963029511708,-0.8884461795400135,-0.4094433225000938,0.34753372506814173,0.1726136117412061,-0.2779264574732911,-0.1653643744499264,0.5021440899070629,0
17031834500,41.78808233246707,-87.6247360013558,-0.5148758784880023,0.05946276373586613,-0.3872676320586006,0.5854375277173309,-1.5132672979537525,-0.07104187084973972,-0.7427288525908468,0
17031834600,41.78724654510406,-87.63430573629155,-1.3039281657724706,0.029606044544881777,-0.044042083542343874,-0.05974318558230365,-1.5338563119617612,-0.5016008271219766,-0.7418497050325854,0
17031834700,41.79069030494103,-87.64503336486214,-0.9779746661975793,-0.29309674274324915,-0.05226502997272081,0.6974138284737523,-0.9573639197375451,-0.3285049082191979,-0.7998734438778266,0
17031834800,41.78363363419575,-87.64508823373623,-0.6952873016797142,0.1217817971981539,-0.5085598287379163,0.3988978018008501,-1.1169287782996054,0.02983864221493451,-0.2723849089210857,0
17031834900,41.77229889060866,-87.65673611591549,-1.1133924887090543,-0.38423835081993735,2.016748719213461,1.036829655242593,-0.7797836739184785,-0.13561151591820741,0.175980345792145,0
17031835000,41.78284948232314,-87.68604922603436,-0.1971892046173094,-0.551846855268521,-0.6876390494359027,1.6035368929328395,0.2779769207429178,0.11940915360026377,0.16630972265127172,0
17031835100,41.7901579053556,-87.68624791482308,-0.32541318429450494,-0.5162275642244397,0.8424904548113394,0.29830044596330446,0.4607044200639861,-0.811726668714997,0.1583973946269203,0
17031835200,41.79664363946343,-87.7452866009824,-0.6833732410806731,-0.5173888358441174,-0.6949642755600701,-1.8156206444247753,1.9019354006245262,-1.582436948302255,0.8019334072741442,0
17031835500,41.81635429969571,-87.6325395114876,-0.7705368788237001,0.10682103387982668,0.2515630417797725,-0.5028550428121918,-1.6779794100178151,-0.4129602990651796,-0.6486600638568947,0
17031835600,41.801834716714666,-87.63220158936234,-1.2911776325214732,0.1511889111095191,-0.28628437044725114,-0.7435250805923035,-1.9868146201379309,-1.1913543198108538,-1.0363641370500993,0
17031836100,41.79980501785371,-87.61868250672146,-0.9235256707319995,2.2701531975516045,0.10112822910062727,0.4320927728109944,-1.1066342712956014,-0.613170716734373,-0.5554704226812035,0
17031836600,41.89869729144853,-87.70880592442538,0.9872153861032944,-0.3320644093867874,-0.0009267033064508435,0.38264740309022693,-1.5750343399777766,0.015862120948736017,-1.567369262239886,0
17031836700,41.89170402567369,-87.70217470538148,0.21777808285337885,-0.05568423390366236,-0.3868517891446489,-0.12058085202490726,-1.1503859260626181,-0.3814318976654206,-1.6394593620173068,0
17031836800,41.885044842219344,-87.71386248038559,-0.34223750942213893,1.4316624588450921,0.6033775337838587,0.926559530482055,-2.1103487041859776,0.11864893881848304,-1.1770277463718974,0
17031836900,41.88188305458552,-87.70613618169075,0.03386082329917251,1.7743774398743979,-0.33619239784519434,1.5119665077027336,-1.6702585297648134,0.2234105912732741,-1.1559282049736281,0
17031837000,41.8783233822074,-87.69867387851909,0.5752097465308571,0.3185981029710753,-0.37006588720548755,2.076980364683223,-1.5287090584597596,0.6127219825365329,-1.1330703684588352,0
17031837100,41.88567353796757,-87.69872035085329,1.2318976396961419,1.2375634183232143,-0.5832740635012713,0.6812591184322221,-1.4283376151707219,-0.15794907931386687,-1.4486843418746187,0
17031837300,41.8716190530233,-87.70555240666454,-0.025038594425593887,1.1595927488900166,0.051381071686956846,1.3984236952418883,-1.2533309961026569,0.5902288481503489,-0.5607453080307706,0
17031837400,41.87597473168472,-87.69380127146435,0.3080710812917745,0.33744177377892265,1.0322472193133767,0.26689315120251467,-1.2610518763556593,-0.11526440956003627,-1.17878604148842,0
17031837800,41.88475035117544,-87.6841271881916,1.2043608358106475,-0.04255625885053713,-0.006145004617865145,-0.14236433467365434,-0.7900781809224824,0.08788596593591486,-1.3467032251163151,1
17031838000,41.87736664371423,-87.68065211079339,0.5341028404641038,0.24766393098279282,0.29134216609690416,0.30299963506185207,-0.22902754920427226,0.533935317136858,-1.5418739830503099,0
17031838100,41.87867010829997,-87.67169285056833,0.5609756106590293,1.0483428448328465,-0.49833269850710965,-0.7835779921615738,-0.1543923734252445,0.37137732552673103,-2.523002658069849,0
17031838300,41.90156653010107,-87.63840388298321,1.4354015718904072,1.1423127879515205,6.7255404886687495,1.5805583299527788,1.3769155434203295,4.658529379636786,-2.3893722292141404,0
17031838600,41.86782326682575,-87.70082362410216,-0.0055862505449349046,-0.0003233595212899362,0.022443675869278985,1.0160622628522689,-1.2044320878336376,-0.2239502515108796,-0.46315992906377373,0
17031838700,41.86257753282843,-87.72018510808634,-0.06089963060196374,-0.01085358072385412,0.4592250387219074,2.0917848952588654,-1.02427821526357,0.19654305228799784,0.2814780527834933,0
17031838800,41.68348933574443,-87.57230613928367,-2.111093039825913,-0.6295726603807272,-1.0008219394359503,-2.39661892824651,2.2159178642466437,-2.3721585707388573,1.9509792659215799,0
17031839200,41.84201087015634,-87.62203623461579,-0.3733529684509944,-0.07436856303827896,3.1934732306647677,-0.9709594730212061,0.020614245642821355,-0.6621892196858703,-2.282995374664531,0
17031839500,41.834097586266815,-87.61929184377419,-0.30733565326205164,-0.027827375416420587,-0.0011438749031121597,-0.4215533366184563,0.012893365389818168,-0.577241278644868,-0.3523873367228578,0
17031839600,41.827442891998025,-87.61924862719765,-0.29736298494194247,0.2300328454150342,1.263934186317058,-0.28790466743325954,-0.4941111045573715,-0.0655236037180895,-0.18007441530365595,0
17031839700,41.83309528110362,-87.65218173990885,0.2278900619173828,-0.32473148330313795,-0.06805264825623915,-0.9689130396052967,-1.02427821526357,0.3360410033228246,-0.6794302283960374,0
17031840100,41.84183090791042,-87.63920301190777,0.6176909032992277,-0.05635232866045815,-0.2292200421597598,-1.162782646790487,-0.5507308930793928,0.43983925567046517,-2.054417009516611,0
17031840300,41.83209713945179,-87.68188109222338,-0.11680398766236277,0.8839636678833989,0.10485969310374824,-1.3545271256184837,0.18532635770688285,-0.9297423262019517,-0.08248903633665883,0
17031840400,41.83382653486198,-87.66752597645379,1.0991948736538841,-0.08524875633557215,-0.08006933404805221,-1.4958631127038633,-0.3782979007623281,-0.2907046493752035,-0.21963605542541154,0
17031840700,41.852930231189546,-87.69426644591427,0.9214057159143538,3.6931645564453293,-0.2932031617615206,-0.058466045842171493,-0.7000012446374494,-0.19321564082120585,-0.0033657560931476187,0
17031840800,41.84083300429375,-87.70737099118385,0.2510829163882768,-0.33412410465571374,-0.32979536058082476,-0.488181891224946,-0.22645392245327145,-0.6798926846758325,0.3579638903522207,0
17031841100,41.85099348586648,-87.63510822889128,0.9739966943925945,0.609532669788269,-0.4568026496478212,-1.127908049697774,-0.3628561402563225,0.7701265259886407,-2.430692164452418,0
17031841200,41.85556187483232,-87.68334196400795,0.7833751582060978,2.081471062456053,-0.6201635215489797,-0.6172970505987804,-0.3396934994973129,0.38957963976196935,-0.32513376241675984,0
17031841300,41.84407722376567,-87.68301754320237,0.05790634789780051,-0.15933215294403397,-0.5778175947722474,-1.514397840562589,-0.506979238312376,-1.1608268605842664,0.010700604839031852,0
17031841500,41.8616225415994,-87.70791321500774,0.3059805569034657,0.05620518536064909,0.05973763843045732,1.2756236303975936,-1.1606804330666223,0.5298355933421276,-0.044685691331425345,0
17031841700,41.85313012331693,-87.70418180892116,0.5999197634869085,3.2291080213140684,-0.33382952737240673,0.4054502484724507,-0.8209617019344937,-0.27677262533686553,0.33510605383742864,0
17031841800,41.76630645943604,-87.59942027200441,-1.1398344765033377,-0.486541451263996,0.5989546183519275,-0.5769698870156508,-0.3860187810153313,-0.8179166656616398,0.6507200272532123,0
17031842100,41.89527865830882,-87.73361033887548,0.4493898381660194,-0.33161579239826255,-0.6747782707028854,0.03772612229557388,-1.8993113106038986,-0.6892078937085584,-0.309309106368057,0
17031842200,41.904877810289726,-87.64979228339787,0.6778898358829497,0.6636846022155871,-0.21235301066743104,-0.3714024715094388,0.9625616365091741,2.3705075500354034,-2.872024238699559,1
17031842400,41.742426190152685,-87.63007091439289,-1.333191290966206,-0.27083297391171807,0.10880690554655398,-1.0502617043308027,-0.40660779502333894,-1.2360915940657466,1.0393032480046784,0
17031842500,41.77695059187638,-87.62321578060882,-1.1405562453286524,0.06394000488892862,-0.6460072476502468,-0.41159851043384543,-1.5673134597247742,-1.153968244135424,-0.3585413696306864,0
17031842800,41.80753375018334,-87.69830430047607,-0.3247376708884022,-0.2853916738035129,-0.9063591090559834,-1.1155952476741737,0.9445462492521673,-0.963968597772739,0.46346159734356873,0
17031842900,41.86313863296993,-87.67293711680033,-0.060306097488758474,0.35371385322313803,-0.382085836671904,-1.4672836341848012,0.1003966749238511,-0.6302425266336956,-1.7317698556347374,0
17031843000,41.86793610040466,-87.72274885882986,0.005747353497446907,0.05928764288473247,-0.24955458588886184,1.956018595157255,-1.788645360310857,0.4460488171083396,0.1346604105538668,0
17031843100,41.86075009449607,-87.70071235042221,-0.5508787750571207,0.07777897057084646,2.1738177919820023,-0.49075035655634236,-1.065456243279586,-0.8676195967900566,-0.16952464460452146,0
17031843200,41.84747033287168,-87.66350168347975,-0.42340351919969094,-0.04981104047551625,-0.4854141776671428,-1.7249056055360361,-0.4091814217743394,-1.2067833175109821,-0.8332810510917532,0
17031843300,41.86376385393578,-87.6925503110005,-0.014261093947734853,0.0003318671352208221,-0.3208119050169065,-0.5497442700865467,-0.7746364204164775,-0.17391163275594368,-0.5809657018707787,0
17031843400,41.849327356224265,-87.73202175325522,0.285726992927021,0.28510888837954895,-0.8824783611289538,-0.6717302566022532,-0.5044056115613766,-0.7328490105941362,0.602366911548844,0
17031843500,41.838216780930736,-87.69675404044789,-0.7504552666786026,-0.3633302241262648,-0.36746608639885897,-1.6358805347622931,-0.21101216194726544,-1.4845655836217457,0.07399922903384122,0
17031843600,41.80676540844024,-87.60894882347458,-0.5887526639122375,-0.14223154339437674,0.06467145361116877,-0.1113526953330717,-0.6485287096174287,0.6422136262054108,-0.1677663494879986,0
17031843800,41.80165683376192,-87.64047558753646,-1.269181908876621,-0.24850175084869744,0.08048144322956666,-1.031753032469444,-1.492678283945746,-1.2919462288087082,-0.9748238079718128,0
17031844600,41.81338527906854,-87.62544368907768,-0.5729295897037121,0.49472344760650244,0.48096681878558656,-0.5800448579099035,-1.9919618736399332,-0.45488913226269795,-0.6618472772308132,0
