GEOID,poverty_population_diff,median_household_income_diff,median_gross_rent_diff,median_home_value_diff,bachelors_or_higher_diff,median_household_income_2010_on_2020,median_household_income_2020,gentrification_score
17031010501,-103.0,9670.0,286.0,142400.0,368.0,33427.0,43097.0,3.1003401674701503
17031010502,-406.0,10162.0,245.0,-23600.0,227.0,30330.0,40492.0,0.5597524305281775
17031010503,346.0,-1062.0,127.0,-205000.0,-219.0,18250.0,17188.0,-5.597090869897829
17031010600,-174.0,9508.0,233.0,-39600.0,731.0,47610.0,57118.0,1.2302135462004737
17031010702,-293.0,4475.0,339.0,-57100.0,138.0,43304.0,47779.0,-0.2990025859268526
17031020400,160.0,21021.0,255.0,-4100.0,329.0,44755.0,65776.0,1.0584726131710633
17031020500,932.0,10097.0,240.0,-14900.0,147.0,31576.0,41673.0,-1.4481915826519511
17031020601,77.0,17284.0,367.0,-47300.0,1054.0,37260.0,54544.0,2.6853183525854534
17031020901,-304.0,1928.0,184.0,-79500.0,595.0,42725.0,44653.0,-0.23313857446317643
17031020902,-264.0,-4267.0,226.0,-22200.0,118.0,46739.0,42472.0,-0.9227936925521494
17031030300,946.0,13666.0,249.0,11300.0,432.0,34960.0,48626.0,-0.0592228811090979
17031030603,302.0,13833.0,201.0,27500.0,252.0,27927.0,41760.0,0.4265368829988401
17031030701,-427.0,3788.0,263.0,-16600.0,-124.0,40587.0,44375.0,-0.5687175331790046
17031030703,364.0,15136.0,414.0,-53400.0,148.0,28333.0,43469.0,-0.1422641758962896
17031031200,141.0,11949.0,321.0,-13200.0,587.0,17727.0,29676.0,1.3258362858950754
17031031501,309.0,23202.0,295.0,41300.0,555.0,19317.0,42519.0,2.4262752736950084
17031031502,-194.0,7590.0,250.0,-1700.0,226.0,26611.0,34201.0,0.4350350704652951
17031031700,-91.0,24505.0,439.0,5900.0,1021.0,45183.0,69688.0,4.397324706609519
17031032100,-49.0,23917.0,344.0,-20700.0,-41.0,40795.0,64712.0,0.6992782364571679
17031061800,386.0,17822.0,451.0,68100.0,270.0,46601.0,64423.0,2.2773049425584655
17031080400,18.20259982280913,25825.90039715272,440.1019613234351,41950.52210307645,503.3303546879297,18018.09960284728,43844.0,3.4996715682206254
17031081000,594.0,23940.0,616.0,-7800.0,899.0,45439.0,69379.0,3.616597951869353
17031140100,-382.0,19987.0,389.0,35200.0,514.0,35013.0,55000.0,3.401208319200363
17031140200,76.0,23381.0,337.0,-72200.0,730.0,41821.0,65202.0,1.72993232954992
17031140400,-997.0,28923.0,76.0,-43300.0,650.0,45208.0,74131.0,2.717885763806696
17031140500,-278.0,27470.0,364.0,4000.0,528.0,47113.0,74583.0,3.2063627884966133
17031140601,-247.0,20433.0,163.0,34800.0,102.0,45817.0,66250.0,1.1834439822675442
17031140602,-447.0,32866.0,279.0,-16900.0,476.0,39009.0,71875.0,2.9871358560376
17031140701,737.0,33219.0,384.0,-16400.0,145.0,42366.0,75585.0,0.9093254000570489
17031140702,272.0,16718.0,226.0,-25500.0,650.0,38850.0,55568.0,1.0282022044730936
17031150200,6.0,23456.0,249.0,-9700.0,1130.0,46425.0,69881.0,3.4400199002106446
17031150402,-182.0,39005.0,163.0,-17800.0,267.0,46563.0,85568.0,1.9493293074869837
17031151001,-503.0,36341.0,36.0,-56300.0,266.0,40222.0,76563.0,1.1201671417825072
17031151002,372.0,21825.0,322.0,-6200.0,329.0,47625.0,69450.0,1.0634551947741142
17031151100,560.0,27805.0,238.0,-30300.0,101.0,38313.0,66118.0,-0.13251688667982955
17031160300,-496.0,26423.0,304.0,-5700.0,276.0,39915.0,66338.0,2.3843744954105337
17031160501,-54.0,30251.0,260.0,-83800.0,410.0,40096.0,70347.0,1.0150601664821408
17031160601,777.0568508853848,25930.62987381455,424.0642683203009,-43720.94871918834,517.4995381597128,42161.37012618545,68092.0,1.1303586890386534
17031160800,476.0,24948.0,347.0,-7700.0,346.0,45087.0,70035.0,1.2467832615438634
17031161300,-627.0,3753.0,114.0,-34200.0,276.0,47143.0,50896.0,-0.12587331236171836
17031190100,8.0,13804.0,32.0,-30200.0,234.0,34583.0,48387.0,-0.7782389658262708
17031190200,-101.0,21549.0,327.0,-19400.0,336.0,41829.0,63378.0,1.5617502389564697
17031190300,231.0,18690.0,114.0,-37900.0,192.0,45174.0,63864.0,-0.65475726229963
17031190402,-86.0,17528.0,247.0,-59800.0,209.0,40528.0,58056.0,0.007075331517126658
17031190602,522.0,16112.0,298.0,-62300.0,301.0,45216.0,61328.0,-0.5250871259974164
17031190701,-322.0,8143.0,142.0,-76500.0,65.0,47778.0,55921.0,-1.3386286283714468
17031190702,373.0,3982.0,279.0,-169700.0,22.0,42018.0,46000.0,-3.504129809598741
17031190800,-500.0,15589.0,141.0,-28800.0,110.0,42623.0,58212.0,0.21593606227197584
17031190900,56.0,13221.0,219.0,-31100.0,-66.0,45529.0,58750.0,-0.8933200476864123
17031191000,372.0,22563.0,18.0,-32700.0,129.0,37263.0,59826.0,-1.102366070763134
17031191100,-1320.0,16078.0,115.0,-44600.0,-10.0,36472.0,52550.0,0.7509399919422247
17031191200,441.0,18240.0,271.0,19600.0,14.0,32885.0,51125.0,0.06707575709100733
17031191301,-733.0,31513.0,155.0,-18700.0,-83.0,42315.0,73828.0,1.2763124812157849
17031191302,-112.0,18569.0,357.0,-32700.0,178.0,38855.0,57424.0,0.8985863399528565
17031200100,-588.0,10920.0,204.0,-28400.0,384.0,47549.0,58469.0,1.0360418072623288
17031200200,-775.0,9799.0,110.0,-57100.0,241.0,47344.0,57143.0,0.02707774906531167
17031200300,-54.0,19818.0,290.0,-86900.0,222.0,35125.0,54943.0,-0.07395299868322913
17031200402,863.0,28225.0,165.0,-53400.0,418.0,37420.0,65645.0,-0.35154161326699374
17031210400,-417.0,8177.0,285.0,-29100.0,30.0,39167.0,47344.0,0.015979849873309138
17031210501,-1235.0,15710.0,324.0,9000.0,471.0,35581.0,51291.0,3.5582163991251154
17031210502,-540.0,21926.0,293.0,20400.0,580.0,42067.0,63993.0,3.2976365060817576
17031210601,-7.0,35871.0,231.0,62600.0,794.0,42238.0,78109.0,4.367820109770399
17031210700,-419.0,27700.0,332.0,145800.0,372.0,45586.0,73286.0,4.971687187382568
17031210800,-166.0,18211.0,199.0,91100.0,181.0,45144.0,63355.0,2.11940666733599
17031220602,-224.278533106376,20164.732865053546,503.57370020038354,63344.726465708576,451.45584021029487,36470.26713494646,56635.0,3.927670944498572
17031220701,-518.0,21892.0,530.0,17700.0,370.0,40557.0,62449.0,3.6786258590893355
17031220702,719.0,20478.0,222.0,115400.0,674.0,43116.0,63594.0,2.7676417403607894
17031220901,-37.0,14233.0,333.0,-300.0,383.0,42083.0,56316.0,1.429909902399853
17031220902,-125.0,27811.0,279.0,95900.0,366.0,33925.0,61736.0,3.581667685652871
17031221000,-273.0,46226.0,257.0,53300.0,323.0,37069.0,83295.0,4.145321378458058
17031221100,-1065.0,34773.0,367.0,24700.0,919.0,40158.0,74931.0,6.147109421020382
17031221300,90.0,31972.0,456.0,207600.0,528.0,38737.0,70709.0,6.378873130786619
17031221400,241.0,44438.0,524.0,86300.0,1096.0,39625.0,84063.0,6.964137698893239
17031221500,-231.0,25766.0,320.0,175200.0,634.0,40000.0,65766.0,5.654973011614146
17031222500,116.1648460304209,64631.76217457977,425.7177332930721,162426.41550767625,489.2558008727213,37729.23782542023,102361.0,7.55430195753686
17031222600,82.0,42586.0,443.0,70100.0,407.0,35174.0,77760.0,4.66755853763996
17031222700,-661.0,24283.0,337.0,15900.0,418.0,43000.0,67283.0,3.315047040657238
17031222800,224.0,55034.0,406.0,-91100.0,220.0,17091.0,72125.0,2.2348697911382853
17031222900,-540.0,32639.0,407.0,21300.0,15.0,38216.0,70855.0,2.9978903896364555
17031230100,153.0,30149.0,394.0,175100.0,529.0,46101.0,76250.0,5.429445676519218
17031230300,37.0,7964.0,228.0,-41000.0,109.0,38911.0,46875.0,-0.8526737697813578
17031230400,-303.77288230766044,19125.479769098223,195.3810465552164,53433.15140511014,280.6161427617198,38074.52023090178,57200.0,2.0643563442166015
17031230500,-430.2491298635555,9052.878515755034,-162.1841399782146,-31337.184126189968,210.66107520697133,26554.121484244966,35607.0,-1.3679038118413083
17031230600,417.249129863556,8463.121484244963,129.1841399782146,-55562.81587381003,277.3389247930287,35064.87851575504,43528.0,-1.552130329262493
17031230700,263.77288230766044,8320.520230901777,280.61895344478364,-9633.15140511014,149.3838572382802,34556.47976909822,42877.0,-0.35706294737507405
17031230800,-211.0,16792.0,-125.0,-45800.0,-26.0,40313.0,57105.0,-1.8590574832304174
17031230900,-963.0,20135.0,277.0,-5600.0,309.0,34988.0,55123.0,2.614580131189299
17031231100,53.0,18021.0,-193.0,-16700.0,95.0,35000.0,53021.0,-1.6939837421989872
17031231200,-651.0,9358.0,107.0,-53600.0,193.0,23090.0,32448.0,-0.265180765066425
17031231500,449.0,8159.0,187.0,-14300.0,410.0,18878.0,27037.0,-0.4102469076698575
17031240700,86.0,43646.0,504.0,126900.0,501.0,41250.0,84896.0,6.078481200679999
17031240800,-526.1648460304209,33506.23782542023,386.2822667069279,223673.5844923237,236.7441991272788,32743.762174579773,66250.0,6.525637449904559
17031240900,-115.0,24984.0,333.0,29200.0,243.0,31579.0,56563.0,2.3029666868684227
17031241000,-626.0,54036.0,691.0,-1600.0,575.0,24167.0,78203.0,6.851272729017161
17031242000,198.0,85187.0,753.0,132100.0,1715.0,43606.0,128793.0,12.946060288732397
17031242500,-659.0,26909.0,556.0,36400.0,704.0,43041.0,69950.0,5.472029632486288
17031242600,420.0,37791.0,475.0,128600.0,827.0,38682.0,76473.0,5.9875663326209585
17031242700,-377.0,45312.0,307.0,-37600.0,419.0,26393.0,71705.0,3.3550617656088635
17031242900,-391.0,66946.0,518.0,1600.0,-26.0,43429.0,110375.0,5.077587310004969
17031250200,-146.0,-1140.0,77.0,-22400.0,210.0,42692.0,41552.0,-1.2823904957466536
17031250300,1456.251823260011,8485.638507068212,138.95243606470524,-41020.67557385069,461.6227346189991,31358.36149293179,39844.0,-2.283102714801637
17031250700,-754.0,14707.0,85.0,-1500.0,240.0,31263.0,45970.0,1.0282808793770577
17031250800,324.0,8026.0,258.0,-2200.0,20.0,39079.0,47105.0,-0.7893449317310943
17031251000,-173.0,18750.0,93.0,-7700.0,-7.0,18173.0,36923.0,-0.24483539832235252
17031251100,94.0,-6702.0,212.0,-25900.0,60.0,29429.0,22727.0,-1.8560330203916584
17031251200,788.0,13275.0,345.0,-48200.0,28.0,37917.0,51192.0,-1.3980903219166767
17031251500,66.0,17191.0,202.0,-46600.0,235.0,28194.0,45385.0,-0.15814995142953742
17031251600,971.0,2788.0,248.0,-32300.0,80.0,28150.0,30938.0,-2.3764552010477775
17031251700,-192.0,30269.0,291.0,-66800.0,-73.0,22423.0,52692.0,0.3210490997208477
17031251800,-545.0,-358.0,84.0,-21800.0,149.0,25875.0,25517.0,-0.7875132269169641
17031251900,-532.0,4121.0,118.0,-900.0,-75.0,18818.0,22939.0,-0.6535169666123721
17031252102,-761.3110745259874,11701.542139313797,141.1089374297959,-105999.93274872129,43.24631564230998,24247.457860686205,35949.0,-0.9823190883875732
17031252201,-426.0,13466.0,117.0,13100.0,148.0,22738.0,36204.0,0.5916544934595345
17031252202,35.0,2650.0,155.0,-26100.0,97.0,29523.0,32173.0,-1.315344132980072
17031260100,1.0,7703.0,188.0,57900.0,79.0,11464.0,19167.0,0.3955027809982729
17031260200,-133.0,11118.0,28.0,-700.0,36.0,24924.0,36042.0,-0.8547559621924044
17031260300,7.0,-3432.0,194.0,-11200.0,-73.0,21776.0,18344.0,-1.7310921642206973
17031260400,66.0,,144.0,-78600.0,-32.0,17667.0,,
17031260500,162.2015489067462,17878.627181966793,52.35797408258759,2068.8709202622995,41.68715904322282,21389.372818033207,39268.0,-0.6771318536492532
17031260600,-1034.2015489067462,6885.372818033207,232.64202591741264,-107368.8709202623,-91.68715904322283,22691.6271819668,29577.0,-0.8930638729468618
17031260700,-589.0,1206.0,75.0,-17700.0,1.0,25813.0,27019.0,-0.9920830935229402
17031260800,-556.0,2420.0,149.0,-149500.0,29.0,26209.0,28629.0,-2.521747453358045
17031260900,-581.0,-13032.0,-28.0,-700.0,-4.0,30051.0,17019.0,-2.1241830081671953
17031261000,-236.0,6411.0,-87.0,-33800.0,7.0,33646.0,40057.0,-2.068541567680671
17031270500,-322.0,-2563.0,56.0,8500.0,-74.0,20376.0,17813.0,-1.5061035322264704
17031271200,-166.0,17224.0,-76.0,-53900.0,150.0,19515.0,36739.0,-1.3419022618797376
17031271300,-73.0,5553.0,-201.0,54600.0,-17.0,18538.0,24091.0,-1.596000081948428
17031271400,-82.0,1875.0,61.0,-82700.0,99.0,24476.0,26351.0,-2.4315022447358623
17031271500,262.0,-7267.0,196.0,-33900.0,0.0,39073.0,31806.0,-2.4759361755010816
17031280800,434.0,-452.0,234.0,34100.0,134.0,18382.0,17930.0,-0.7580216320285369
17031280900,-435.0,8467.0,-4.0,2000.0,147.0,10217.0,18684.0,-0.40063482771287506
17031282700,-325.0,28241.0,403.0,-16600.0,141.0,37409.0,65650.0,2.1628723860789054
17031283100,593.9576906065131,-1376.069722037926,436.7429127273733,-18994.38823464368,338.26406051307566,30985.06972203793,29609.0,-0.4287080572117788
17031283800,911.0,41396.0,236.0,-23800.0,716.0,45972.0,87368.0,1.9585505537750798
17031291200,-171.0,9292.0,126.0,-6600.0,-3.0,18922.0,28214.0,-0.6920541502186034
17031291600,-344.0,49346.0,649.0,103100.0,126.0,28571.0,77917.0,6.333040340148298
17031292200,-530.3027098696011,10944.744586424738,158.57665803714963,-132119.50094723416,9.475322852118246,24240.25541357526,35185.0,-1.7605611651473043
17031292400,239.0,26842.0,324.0,-2600.0,121.0,23158.0,50000.0,1.0896528780097625
17031292500,-379.0,13988.0,298.0,11400.0,474.0,32500.0,46488.0,2.1640471770454965
17031300500,-232.0,8415.0,129.0,-74800.0,248.0,44119.0,52534.0,-0.9960922364126806
17031300600,-678.0,6698.0,233.0,-25500.0,4.0,37239.0,43937.0,0.05434417824837334
17031300700,377.0,9090.0,130.0,-12100.0,244.0,31492.0,40582.0,-0.8958665945749076
17031300800,90.0,-4327.0,116.0,17100.0,53.0,31801.0,27474.0,-1.487537426805928
17031300900,319.0,8042.0,98.0,-145300.0,88.0,23567.0,31609.0,-3.399942949996625
17031301100,-216.0833816520767,1381.726676188995,136.20944407517925,-128354.81183974206,70.43054121706663,32468.273323811005,33850.0,-2.703837448746243
17031301200,331.0,-2547.0,-24.0,-24700.0,187.0,36518.0,33971.0,-2.5752915737131072
17031301600,-468.0,-1805.0,50.0,-50000.0,268.0,28359.0,26554.0,-1.2383372532153656
17031301701,-211.0,4278.0,104.0,-35400.0,141.0,42485.0,46763.0,-1.0992417976811781
17031301702,62.0,1034.0,64.0,-71700.0,123.0,41996.0,43030.0,-2.451525295238674
17031301802,57.0,9091.0,141.0,-4800.0,162.0,28548.0,37639.0,-0.5029451734188387
17031301803,-898.0,-3080.0,107.0,-61500.0,147.0,36307.0,33227.0,-0.9570533169408314
17031310400,-288.0,41506.0,648.0,-1600.0,308.0,28232.0,69738.0,4.673401078383834
17031310500,-203.70719718846385,32605.662185576133,264.5922043770506,-3425.8359036115,152.2670222047457,19484.337814423867,52090.0,1.908548792989283
17031310600,-93.2928028115357,37565.33781442387,401.4077956229494,71925.8359036115,1212.7329777952543,28508.662185576133,66074.0,6.568091650222238
17031310700,-542.0,27333.0,431.0,-69300.0,-129.0,18917.0,46250.0,1.039210122214386
17031310800,-417.0,24756.0,227.0,800.0,826.0,37446.0,62202.0,3.384290841825252
17031310900,-380.0,26520.0,255.0,-38500.0,706.0,32813.0,59333.0,2.6668267047376117
17031330102,7530.085560965168,114652.461707475,1882.1576886633568,336441.3305187918,4980.730349547016,10847.538292524989,125500.0,20.885930555072527
17031330103,4435.207928731054,68766.47873683547,1559.664269986938,294430.41784630297,3345.612550101357,13724.521263164526,82491.0,16.00460629398358
17031340300,-143.25810827496525,5887.786330568979,53.90935308017197,-3734.335954480339,69.93240722103728,30005.21366943102,35893.0,-1.0235160771101923
17031340400,-160.0,5760.0,194.0,9700.0,134.0,45167.0,50927.0,-0.04400695275184538
17031340500,-99.0,9097.0,441.0,110700.0,121.0,27153.0,36250.0,2.596361180802877
17031340600,-83.85735525196333,-1943.4743994167968,-104.01603810445232,,16.635226997870497,15150.474399416797,13207.0,
17031350400,1491.0,9166.0,101.0,,115.0,10152.0,19318.0,
17031351100,20.0,742.0,49.0,,99.0,11586.0,12328.0,
17031351400,356.0,1458.0,260.0,106300.0,234.0,12292.0,13750.0,0.9190656803970835
17031351500,640.0,-9926.0,107.0,,138.0,28676.0,18750.0,
17031360200,511.0,8720.0,190.0,-173600.0,65.0,18363.0,27083.0,-3.7166686796162507
17031380100,-335.0,-340.0,-102.0,-27800.0,189.0,20156.0,19816.0,-1.8593080385672993
17031380200,-26.0,7021.0,8.0,-126300.0,272.0,18292.0,25313.0,-2.592350912056716
17031381200,-109.0,19125.0,310.0,-177600.0,180.0,33063.0,52188.0,-1.4083815272082043
17031381400,-74.0,-10571.0,165.0,-186300.0,67.0,45966.0,35395.0,-4.422470063424248
17031381800,237.0,17460.0,317.0,94200.0,150.0,19389.0,36849.0,1.964755021520653
17031381900,-30.0,18974.0,-109.0,-58800.0,33.0,32955.0,51929.0,-1.9435479341972772
17031390300,263.0,5251.0,-3.0,389700.0,267.0,20851.0,26102.0,4.4574855039976375
17031390400,-875.0,-775.0,16.0,67200.0,169.0,21627.0,20852.0,0.7343922634295286
17031400300,-206.0,-677.0,253.0,42100.0,20.0,32950.0,32273.0,0.034667549793602814
17031400400,366.0,12871.0,33.0,-37000.0,156.0,20781.0,33652.0,-1.6491586072733122
17031400500,59.0,-524.0,80.0,-98000.0,125.0,22539.0,22015.0,-2.8637873744246014
17031400800,160.0,-899.0,227.0,,36.0,13795.0,12896.0,
17031410200,221.0,20202.0,304.0,-309700.0,74.0,24022.0,44224.0,-4.067164573375052
17031410500,176.0,20729.0,433.0,-44200.0,266.0,37065.0,57794.0,1.014776328874427
17031410700,214.0,11895.0,321.0,23000.0,21.0,27031.0,38926.0,0.26066257779149776
17031410800,282.0,7829.0,383.0,4800.0,416.0,36414.0,44243.0,0.9380796740557287
17031420200,117.0,7875.0,286.0,-136400.0,8.0,25313.0,33188.0,-2.4032820854722696
17031420300,38.0,-6970.0,189.0,-37100.0,81.0,40263.0,33293.0,-2.002013288424862
17031420400,-432.0,-10958.0,132.0,-61800.0,-154.0,28958.0,18000.0,-2.820643274946362
17031420500,-494.0,-86.0,93.0,-76100.0,88.0,24663.0,24577.0,-1.7684423584916849
17031420600,321.0,2344.0,156.0,-93200.0,33.0,23323.0,25667.0,-2.898720999455108
17031420700,-661.0,-4233.0,136.0,-54900.0,-85.0,29212.0,24979.0,-1.759343946839331
17031420800,413.0,18509.0,411.0,-52200.0,200.0,22047.0,40556.0,0.1484932966989036
17031421200,-395.0,1430.0,-2.0,-98500.0,59.0,18286.0,19716.0,-2.6232223102151653
17031430101,-1470.0,4153.0,145.0,-95300.0,-156.0,28608.0,32761.0,-0.8149994033996665
17031430200,420.0,7318.0,262.0,179600.0,384.0,20738.0,28056.0,2.6960338201969702
17031430300,48.0,-1072.0,173.0,-27300.0,76.0,27471.0,26399.0,-1.5710774988415952
17031430400,-113.5412316013444,4327.338305334655,46.47848000554745,-46999.78722705392,44.14890456604174,32900.661694665345,37228.0,-1.9064456077792542
17031430500,-156.0,991.0,224.0,26900.0,119.0,20982.0,21973.0,-0.015523233819532772
17031430600,724.0,27639.0,-5.0,-6500.0,39.0,31161.0,58800.0,-1.2217006191548583
17031430800,-307.0,12473.0,107.0,-11500.0,146.0,33185.0,45658.0,-0.05336533924540646
17031430900,137.0,11220.0,4.0,-20100.0,-2.0,28728.0,39948.0,-1.7210350337899927
17031431200,-278.0,2133.0,291.0,-7500.0,-22.0,47568.0,49701.0,-0.3643708971832273
17031431301,591.0,6667.0,81.0,-89200.0,120.0,24622.0,31289.0,-3.0329714269342363
17031431302,31.0,4639.0,90.0,83700.0,116.0,21750.0,26389.0,0.2170909253774428
17031440101,-28.114315728407743,1175.5679829203218,131.00684650501591,,-109.32621505865262,22449.43201707968,23625.0,
17031440102,-43.0,14870.0,45.0,38100.0,318.0,26250.0,41120.0,0.6506768901143838
17031440201,351.0,12568.0,111.0,34000.0,305.0,22654.0,35222.0,0.12818809632925043
17031440202,-639.0,3903.0,53.0,-38800.0,149.0,27461.0,31364.0,-0.7619213144011978
17031440300,-500.0,16874.0,-30.0,-30300.0,31.0,42254.0,59128.0,-0.6593222569653723
17031440700,-501.0,18046.0,134.0,-68300.0,147.0,47857.0,65903.0,-0.1403401443664343
17031440800,-61.0,372.0,208.0,-29400.0,-72.0,26613.0,26985.0,-1.5955952432213931
17031440900,-648.0,-5268.0,131.0,-7200.0,230.0,41806.0,36538.0,-0.32898846370796
17031450300,-164.0,12724.0,125.0,-9200.0,10.0,37298.0,50022.0,-0.4884691166445042
17031460200,-380.0,-6273.0,87.0,-61600.0,99.0,30536.0,24263.0,-2.112403888275067
17031460301,-131.0,252.0,110.0,-18300.0,-47.0,33934.0,34186.0,-1.6907800042739363
17031460302,-667.0,14764.0,47.0,9500.0,195.0,17121.0,31885.0,0.790714849991319
17031460400,-393.0,8844.0,134.0,-12700.0,-179.0,39698.0,48542.0,-0.9264282679446308
17031460800,-917.0,-16377.0,-781.0,-185400.0,90.0,44660.0,28283.0,-7.552493934805925
17031461000,-37.0,-3400.0,116.0,52300.0,2.0,19625.0,16225.0,-0.8610057108958226
17031470100,-1252.0,8220.0,111.0,-38800.0,136.0,31391.0,39611.0,0.6002806105664809
17031480500,-351.9245958743832,4208.511341868449,302.63410289345336,-9080.29966456155,-30.35542701696428,44835.48865813155,49044.0,-0.12109251352925132
17031490600,-6.0,1976.0,710.0,-36500.0,144.0,45566.0,47542.0,1.031243298561936
17031490800,181.59818948292693,6173.851436049459,19.03003806041272,-18597.737414711213,202.51938822813247,35446.14856395054,41620.0,-1.4848006063658057
17031490901,-671.0,4739.0,232.0,-37500.0,-53.0,26667.0,31406.0,-0.41450869672031493
17031490902,-1007.0,8141.0,98.0,6700.0,220.0,45088.0,53229.0,1.086814444556828
17031491000,-2320.0,-7424.0,-251.0,-24200.0,86.0,30679.0,23255.0,-0.35116716521386615
17031491300,-694.0,4669.0,364.0,-45900.0,73.0,32610.0,37279.0,0.3835696775790448
17031491400,30.0,-5584.0,235.0,-46400.0,15.0,39583.0,33999.0,-2.0170394237446767
17031500100,-571.4799274104107,19646.522065259764,146.30638038965265,-3846.846748358861,499.12499688998696,41884.47793474024,61531.0,1.9984969617587356
17031500200,89.0,11159.0,-49.0,8600.0,105.0,22750.0,33909.0,-1.1753487470421278
17031500300,-121.0,1538.0,123.0,11300.0,142.0,43000.0,44538.0,-0.6297788214304065
17031510100,-278.0,-3354.0,95.0,-62200.0,72.0,38771.0,35417.0,-2.114567702805775
17031510200,373.0,-5266.0,-244.0,-19500.0,389.0,46516.0,41250.0,-3.136978723426486
17031510300,-1099.5200725895893,-13353.522065259756,216.69361961034733,-8553.153251641139,-246.12499688998696,40026.52206525976,26673.0,-1.1224837742074414
17031520200,-983.0,14291.0,-13.0,-39100.0,89.0,26976.0,41267.0,-0.04526512087190421
17031520300,-1587.0,2639.0,126.0,-17500.0,-35.0,40089.0,42728.0,0.6428213347230584
17031530100,-888.0,5323.0,100.0,-19800.0,-49.0,28559.0,33882.0,-0.3578646744318059
17031530200,-1462.0,16003.0,162.0,-32600.0,201.0,29071.0,45074.0,1.8821137218907027
17031530300,-612.0,6989.0,-315.0,-9300.0,-54.0,38125.0,45114.0,-2.2659368273650187
17031570300,51.0,626.0,75.0,-47600.0,-11.0,44412.0,45038.0,-2.4125118165723607
17031570400,158.0,21072.0,200.0,-105800.0,-27.0,40203.0,61275.0,-1.613645035032405
17031570500,-189.0,6831.0,22.0,-44100.0,16.0,36549.0,43380.0,-1.772923602921102
17031580100,-263.0,8269.0,181.0,52700.0,8.0,35064.0,43333.0,0.5129173410178276
17031580200,-418.0,4944.0,97.0,-27200.0,41.0,36893.0,41837.0,-0.9345681267460624
17031580300,28.0,29059.0,60.0,-15900.0,-7.0,34087.0,63146.0,-0.1253560690503005
17031580400,814.0,18059.0,63.0,-800.0,87.0,33375.0,51434.0,-1.4686603490336356
17031580501,-1194.0,714.0,45.0,-40000.0,172.0,40997.0,41711.0,-0.17110790397028783
17031580600,-1205.0,1079.0,-22.0,-50600.0,278.0,40904.0,41983.0,-0.29411241452404635
17031580700,370.0,11701.0,145.0,-34500.0,193.0,40125.0,51826.0,-1.119256557807128
17031580800,400.0,18568.0,160.0,-12300.0,93.0,37432.0,56000.0,-0.5893653156413468
17031590600,-187.0,20693.0,104.0,-52100.0,487.0,41932.0,62625.0,0.5941947625999349
17031590700,398.0,25991.0,114.0,29100.0,198.0,39500.0,65491.0,0.5874004098648655
17031600400,-477.0,11174.0,250.0,38000.0,494.0,41543.0,52717.0,2.3633234017334903
17031600600,609.0,4888.0,88.0,94300.0,116.0,33678.0,38566.0,-0.439289696395463
17031600700,373.0,17598.0,482.0,95100.0,404.0,33563.0,51161.0,3.166306452451503
17031600900,-145.0,21395.0,321.0,13500.0,264.0,39725.0,61120.0,1.885526506274866
17031610300,571.0,537.0,117.0,-41600.0,243.0,29330.0,29867.0,-2.218919577385508
17031610400,17.0,12094.0,184.0,-97400.0,98.0,30424.0,42518.0,-1.6079498488255248
17031611200,-96.0,-5014.0,-15.0,-58100.0,22.0,34875.0,29861.0,-3.0197611137948432
17031611300,-486.0,5065.0,87.0,-61800.0,-39.0,26685.0,31750.0,-1.5957858000637837
17031611400,-1036.0,13886.0,124.0,-77700.0,-33.0,24031.0,37917.0,-0.3062607772479534
17031611500,-715.570148384189,1669.4302846244536,23.548486142739307,-96719.59009827329,-10.086778868390958,32526.569715375543,34196.0,-2.1997517558259694
17031611700,-294.5530414921964,-14607.6487704606,-85.82996574038827,-70667.39855348304,-34.99010277883517,27028.6487704606,12421.0,-3.9959677628775943
17031611800,-112.0,10353.0,-66.0,-58300.0,-25.0,31968.0,42321.0,-2.3472870764164053
17031611900,-912.0,-2641.0,-128.0,,-70.0,32849.0,30208.0,
17031612000,-475.0,8665.0,-710.0,-54900.0,63.0,23689.0,32354.0,-4.398965116389336
17031612100,-593.0,-7104.0,69.0,-80700.0,-49.0,28632.0,21528.0,-2.6134275335693293
17031612200,480.0,-13773.0,-710.0,-97900.0,17.0,41155.0,27382.0,-7.963809971528376
17031620200,-337.0,3953.0,205.0,-73700.0,18.0,44699.0,48652.0,-1.4027956354171194
17031630300,-112.0,16193.0,162.0,-50200.0,277.0,36980.0,53173.0,-0.08256517393789753
17031630400,-853.0,-7954.0,-19.0,-63500.0,11.0,39383.0,31429.0,-2.2608321307472274
17031630500,-62.0,2046.0,11.0,-40700.0,324.0,40771.0,42817.0,-1.446433314694665
17031630800,-188.0,16249.0,-30.0,-45000.0,119.0,36854.0,53103.0,-1.1280826380416367
17031630900,-598.0,-117.0,47.0,-33600.0,-94.0,34992.0,34875.0,-1.6699665318597803
17031640100,246.0,-4566.0,252.0,-91400.0,136.0,46941.0,42375.0,-2.532109676266975
17031650100,-925.0,78.0,-160.0,-48500.0,40.0,43223.0,43301.0,-1.9407199268491635
17031650400,320.6459458024319,8901.259323503902,140.37446236083338,-33891.08802237286,319.47735277979365,43453.7406764961,52355.0,-0.907137426381166
17031660301,16.0,-7818.0,79.0,-8500.0,72.0,30904.0,23086.0,-2.094301393802553
17031660302,-893.0,-7815.0,-3.0,-64900.0,-83.0,43183.0,35368.0,-2.3957246007327146
17031660400,-266.0,5950.0,60.0,-26400.0,193.0,35629.0,41579.0,-0.8298645990427274
17031660500,-339.12035555528564,-11704.294312844366,46.69828607307363,-28193.431690889527,108.39253794950582,43119.294312844366,31415.0,-2.174129477479546
17031660600,-686.0,-10256.0,-4.0,-12500.0,-115.0,40179.0,29923.0,-2.1609328642269543
17031660700,-557.0,-12143.0,-43.0,-59100.0,28.0,36688.0,24545.0,-2.944244655681623
17031660800,-656.0,13561.0,-15.0,-9100.0,114.0,35298.0,48859.0,-0.05550100227329591
17031660900,80.0,10998.0,175.0,25000.0,-140.0,28018.0,39016.0,-0.6236307096472536
17031661000,60.0,-12826.0,229.0,-6200.0,-73.0,47500.0,34674.0,-2.1909369244364525
17031670100,-394.0,-12280.0,-266.0,-14400.0,-62.0,36905.0,24625.0,-3.7096773921883415
17031670200,-546.0,6384.0,20.0,-45900.0,69.0,20179.0,26563.0,-1.1901411925381795
17031670300,-357.0,3214.0,-251.0,,87.0,21161.0,24375.0,
17031670400,-1965.0,-2260.0,46.0,-22200.0,-20.0,31250.0,28990.0,0.49240252082742164
17031670500,-172.0,1601.0,120.0,-17000.0,23.0,26385.0,27986.0,-1.298803687906871
17031670600,-603.0,-5471.0,103.0,-6100.0,16.0,26923.0,21452.0,-1.0736273515020225
17031670700,-605.0,8997.0,-285.0,0.0,25.0,23269.0,32266.0,-1.6722798341689042
17031670800,-819.0,-10187.0,-259.0,46800.0,16.0,34345.0,24158.0,-1.8296521006867352
17031670900,-236.0,520.0,32.0,-9600.0,99.0,32188.0,32708.0,-1.3422611926772137
17031671100,-737.9720567335453,,-53.57372062434592,-19367.14528299581,15.05955556279498,21716.78632074896,,
17031671200,-345.0,636.0,47.0,-12800.0,-31.0,35761.0,36397.0,-1.506544492732166
17031671300,-1376.0,-2725.0,-170.0,-51900.0,-49.0,27475.0,24750.0,-1.80925421756554
17031671400,-378.0,-12295.0,433.0,16600.0,-40.0,35625.0,23330.0,-0.24204722620372227
17031671500,-1246.0,5595.0,-101.0,-18300.0,174.0,26875.0,32470.0,-0.0765654494241158
17031671600,-1023.0,-2184.0,54.0,29400.0,-61.0,21750.0,19566.0,-0.1510837343608219
17031671800,98.0,11425.0,212.0,-47800.0,2.0,18218.0,29643.0,-1.1665437621229324
17031671900,-152.0,15789.0,420.0,-35200.0,45.0,33864.0,49653.0,0.6557393505523674
17031672000,-579.0,4716.0,-23.0,-24000.0,183.0,31832.0,36548.0,-0.8092646403444564
17031680500,-573.0,3384.0,80.0,-26300.0,-24.0,20526.0,23910.0,-1.0458956822323389
17031680600,-287.0,16781.0,192.0,,-24.0,15833.0,32614.0,
17031680900,-655.0,2424.0,228.0,-34800.0,-53.0,16743.0,19167.0,-0.5640121338108506
17031681000,-1194.0,-2312.0,76.0,-82600.0,11.0,20318.0,18006.0,-1.2900501464271086
17031681100,-1589.0,-7752.0,79.0,-70300.0,9.0,30514.0,22762.0,-0.891437948749868
17031681200,-982.0,995.0,138.0,-32500.0,-43.0,16063.0,17058.0,-0.5146311280741334
17031681300,-694.6670257261248,-6090.496167490841,84.20127292816449,12286.074870135531,9.459928825820118,22400.49616749084,16310.0,-0.8087318136876094
17031681400,-804.1917280464254,28135.419043182792,2.133248489940115,-35755.33411245077,61.57669246626712,16992.580956817208,45128.0,0.6376381976126891
17031690300,6.52528736866816,,-118.7810566082901,-64853.102169900056,68.60334760905893,19208.702181562065,,
17031690400,-754.5252873686682,-6685.297818437935,34.781056608290214,10553.102169900056,107.39665239094109,30435.29781843793,23750.0,-0.7396945762091023
17031690500,-751.0,-10395.0,37.0,-40000.0,-160.0,47321.0,36926.0,-2.4287810946080617
17031690900,-260.0,1016.0,98.0,13800.0,109.0,33567.0,34583.0,-0.6226261253819695
17031691000,-514.0,9975.0,241.0,-5600.0,-32.0,37689.0,47664.0,0.26685334871507194
17031691100,-1233.0,1034.0,202.0,-45400.0,141.0,24375.0,25409.0,0.41137758886525044
17031691200,246.0,3677.0,227.0,-20200.0,-69.0,24896.0,28573.0,-1.592935889420308
17031691300,-506.0,2727.0,218.0,-10000.0,-8.0,47834.0,50561.0,-0.3128740560597083
17031691400,-455.0,3939.0,155.0,-24600.0,-70.0,30000.0,33939.0,-0.9546494556315945
17031691500,-29.0,-4184.0,-24.0,-31500.0,-3.0,23654.0,19470.0,-2.771931575718714
17031710100,-260.0,9030.0,-203.0,-74000.0,93.0,13432.0,22462.0,-2.7265784172636067
17031710200,-1666.1412462274493,-11469.922875691957,158.6654785818954,-16830.740757684776,-210.0366212920873,38498.92287569196,27029.0,-0.47020141106975966
17031710300,-186.0,20950.0,201.0,11100.0,77.0,21610.0,42560.0,0.8753245108389034
17031710400,-275.0,4558.0,58.0,-20200.0,251.0,36563.0,41121.0,-0.670822065011526
17031710500,-242.0,5565.0,107.0,-30400.0,106.0,29539.0,35104.0,-0.9776058770407021
17031710600,-538.0,16353.0,139.0,-40800.0,69.0,20897.0,37250.0,0.025048440670372096
17031710700,-145.0,-52.0,-113.0,-34800.0,59.0,31625.0,31573.0,-2.6039412382487774
17031710800,-296.0,-14027.0,-34.0,-17800.0,-40.0,36641.0,22614.0,-2.9667980211801463
17031710900,-605.0,-17674.0,-221.0,-52700.0,23.0,47823.0,30149.0,-3.9097443984923386
17031711000,6.0,16467.0,32.0,1100.0,202.0,33979.0,50446.0,-0.2245169441022737
17031711100,-1325.0,27999.0,-115.0,8600.0,234.0,24219.0,52218.0,1.9812390272872236
17031711300,-17.0,14083.0,57.0,-21500.0,97.0,27167.0,41250.0,-0.8511140378574429
17031711400,196.0,5980.0,94.0,-1200.0,38.0,36064.0,42044.0,-1.37549178776706
17031711500,-317.0,4246.0,587.0,-23000.0,-12.0,43295.0,47541.0,0.8843368366746325
17031730100,73.0,8673.0,-193.0,-25900.0,148.0,34756.0,43429.0,-2.323172957634399
17031730201,-915.0,,78.0,-7300.0,171.0,33646.0,,
17031730300,-460.0,10288.0,278.0,-12200.0,112.0,31795.0,42083.0,0.6502147155828397
17031730400,714.0,39066.0,162.0,-4900.0,295.0,44934.0,84000.0,0.9413796789182836
17031730500,-188.0,10672.0,-370.0,-29700.0,363.0,43882.0,54554.0,-2.0653363574416876
17031730700,373.0,9692.0,,1800.0,210.0,43571.0,53263.0,
17031750100,-766.0,17572.0,-98.0,1400.0,412.0,36563.0,54135.0,0.9486460765962639
17031750600,-601.0,5577.0,94.0,-16300.0,-115.0,36597.0,42174.0,-0.8969190650488734
17031830600,270.0,7844.0,257.0,-8400.0,350.0,45333.0,53177.0,0.05042311894241858
17031830700,1174.0,17335.0,280.0,-34300.0,148.0,41891.0,59226.0,-1.4379594236809652
17031831200,-69.0,9820.0,-32.0,-64300.0,378.0,35904.0,45724.0,-1.323423516221726
17031831300,-374.0,8603.0,356.0,81300.0,91.0,38247.0,46850.0,2.0790524670848325
17031832900,-513.6957281083123,20791.76973739585,460.6157019763243,3891.285105710151,-62.5049921070142,42795.23026260415,63587.0,1.960438746620849
17031833900,419.1009764558271,8934.763429773415,144.8066167244815,,97.85976234408444,27181.236570226585,36116.0,
17031834000,-310.1268833276131,17583.330160860904,292.3827203993395,10045.37918373398,37.35127931228461,31166.669839139096,48750.0,1.1025202594058747
17031834200,-153.0,13914.0,114.0,-25700.0,-82.0,40916.0,54830.0,-0.9608580035140366
17031834400,1562.0,9179.0,408.0,-36000.0,227.0,34792.0,43971.0,-1.7883694994361181
17031834500,-408.0,20901.0,187.0,,-58.0,19868.0,40769.0,
17031834600,-2329.0,3937.0,-208.0,-10700.0,-145.0,23494.0,27431.0,0.16946126921370397
17031834700,-1355.0,-3597.0,-134.0,76800.0,21.0,27589.0,23992.0,0.34669353930165375
17031834800,-491.0,-193.0,-129.0,-6700.0,156.0,17434.0,17241.0,-1.5180565136569673
17031834900,-1098.0279432664547,5747.786320748954,-44.42627937565408,-18832.854717004186,81.94044443720502,13627.213679251046,19375.0,-0.28689056150562875
17031835000,-485.0,2531.0,88.0,-35800.0,-116.0,28918.0,31449.0,-1.575324226912774
17031835100,-702.0,-1690.0,18.0,-26100.0,-24.0,41014.0,39324.0,-1.4517175934711908
17031835200,225.0,8754.0,70.0,2500.0,83.0,43289.0,52043.0,-1.1659174029017856
17031835500,-528.8967130246713,4198.167599549068,63.29249389589842,23473.1234739746,64.03802420646679,13953.832400450932,18152.0,-0.15820727388201328
17031835600,-381.0,-1615.0,-473.0,68800.0,-67.0,19805.0,18190.0,-2.7015005818500537
17031836100,-15.0,-13878.0,-36.0,44600.0,112.0,35516.0,21638.0,-2.0403341115871503
17031836600,-1026.0,25096.0,169.0,-110900.0,424.0,28310.0,53406.0,1.3107380847903183
17031836700,-358.0,18148.0,250.0,-3300.0,196.0,17112.0,35260.0,1.2478651826732972
17031836800,-495.0,-5642.0,124.0,-70800.0,5.0,19375.0,13733.0,-2.1350157435590242
17031836900,-463.0,-14363.0,-33.0,14100.0,23.0,39919.0,25556.0,-2.1088743244379664
17031837000,-571.0,14566.0,-120.0,-77000.0,173.0,17259.0,31825.0,-1.4069914522557023
17031837100,-703.0,-6714.0,308.0,-55700.0,27.0,27945.0,21231.0,-0.8444772154589727
17031837300,502.0,-9129.0,-62.0,52400.0,94.0,25054.0,15925.0,-2.51013930004889
17031837400,356.0,10442.0,190.0,-29700.0,116.0,22396.0,32838.0,-1.1214728807702314
17031837800,-229.0,27271.0,519.0,91800.0,377.0,38125.0,65396.0,4.684118675102366
17031838000,-463.0,-2273.0,-34.0,86200.0,24.0,25448.0,23175.0,-0.2618524253206654
17031838100,-275.48807102918977,-10792.01545082262,-318.37529622910245,81947.36972925422,-169.43282407311509,27111.01545082262,16319.0,-2.8625862005967653
17031838300,525.0,54829.0,660.0,,599.0,35139.0,89968.0,
17031838600,69.0,-11648.0,272.0,,-67.0,27468.0,15820.0,
17031838700,172.0,-1280.0,78.0,-47600.0,134.0,25735.0,24455.0,-2.3121917140512362
17031838800,-177.0,3384.0,-119.0,-2600.0,170.0,27119.0,30503.0,-1.592478420620521
17031839200,-24.0,-8802.0,102.0,4100.0,253.0,47199.0,38397.0,-1.3391825643161388
17031839500,-66.0,5684.0,-3.0,-47500.0,95.0,19316.0,25000.0,-1.9699885719542738
17031839600,47.0,8234.0,420.0,-21600.0,-49.0,43125.0,51359.0,-0.1622668712918965
17031839700,-248.0,19518.0,244.0,36700.0,727.0,43538.0,63056.0,3.147824190814623
17031840100,587.0,25025.0,277.0,73300.0,420.0,31743.0,56768.0,2.190000773855152
17031840300,-492.0,26952.0,373.0,-22700.0,389.0,43233.0,70185.0,2.753200097105429
17031840400,-98.0,9273.0,-56.0,6000.0,278.0,37540.0,46813.0,-0.6434836286298136
17031840700,594.0,42028.0,334.0,-4000.0,510.0,28135.0,70163.0,2.615969315773226
17031840800,-143.0,5027.0,88.0,-48800.0,90.0,37875.0,42902.0,-1.5483089636351952
17031841100,195.0,14748.0,75.0,43600.0,708.0,27866.0,42614.0,1.5430283333949943
17031841200,-250.0,17267.0,308.0,-48800.0,573.0,35478.0,52745.0,1.605998217745452
17031841300,-798.0,20225.0,229.0,-12000.0,677.0,33927.0,54152.0,3.0582510238782303
17031841500,27.0,3004.0,156.0,-134100.0,166.0,27687.0,30691.0,-2.6927122597395625
17031841700,290.0,2555.0,436.0,-53600.0,16.0,16912.0,19467.0,-1.1084566076140567
17031841800,-690.4587683986556,13847.661694665348,-29.478480005547453,2799.787227053923,6.851095433958275,26152.33830533465,40000.0,-0.15633025711692555
17031842100,1825.0,14134.0,121.0,-65200.0,120.0,25442.0,39576.0,-3.7771493576649355
17031842200,990.7974001771912,48743.09960284728,1381.898038676565,85149.4778969236,1317.6696453120703,46552.90039715272,95296.0,10.396494701831406
17031842400,-730.8731166723869,17728.669839139096,-1.3827203993396324,-12145.37918373398,285.64872068771547,35986.3301608609,53715.0,0.7862012543765126
17031842500,-458.0,1669.0,121.0,-5200.0,-8.0,17643.0,19312.0,-0.7912205797423858
17031842800,-590.0,-436.0,194.0,-42500.0,110.0,38820.0,38384.0,-0.6697432186411008
17031842900,234.0,8209.0,211.0,8300.0,434.0,11880.0,20089.0,0.3981593465458662
17031843000,-504.0,9295.0,122.0,-103700.0,23.0,16667.0,25962.0,-1.6040685928324003
17031843100,-999.0,-1367.0,235.0,,75.0,33750.0,32383.0,
17031843200,-554.0,13974.0,45.0,55800.0,339.0,40133.0,54107.0,1.6357025691373712
17031843300,274.0,23361.0,100.0,-69100.0,37.0,28782.0,52143.0,-1.343994378164117
17031843400,-157.0,410.0,-273.0,43100.0,-84.0,24359.0,24769.0,-2.4626632239167052
17031843500,-288.9166183479233,54.27332381100496,233.79055592482075,-52345.18816025794,147.56945878293337,27275.726676188995,27330.0,-0.9427993620185201
17031843600,23.0,16216.0,343.0,-28500.0,679.0,24844.0,41060.0,1.8793732481378846
17031843800,-608.0,2823.0,-11.0,-52300.0,55.0,38143.0,40966.0,-1.5959421659456166
17031844600,781.0,15384.0,182.0,,112.0,33571.0,48955.0,
